# ElectroBench scene 3 placeholder teapot (replace with your own)
# Units: arbitrary; the scene normalises the mesh. Base sits on y=0.
mtllib teapot.mtl
o Teapot
v 0.000000 1.040000 0.000000
v 0.000000 1.040000 0.000000
v 0.000000 1.040000 0.000000
v 0.000000 1.040000 0.000000
v 0.000000 1.040000 0.000000
v 0.000000 1.040000 0.000000
v 0.000000 1.040000 0.000000
v 0.000000 1.040000 0.000000
v 0.000000 1.040000 0.000000
v 0.000000 1.040000 0.000000
v 0.000000 1.040000 0.000000
v 0.000000 1.040000 0.000000
v 0.000000 1.040000 0.000000
v 0.000000 1.040000 0.000000
v 0.000000 1.040000 0.000000
v 0.000000 1.040000 0.000000
v 0.000000 1.040000 0.000000
v 0.000000 1.040000 0.000000
v 0.000000 1.040000 0.000000
v 0.000000 1.040000 0.000000
v 0.000000 1.040000 0.000000
v 0.000000 1.040000 0.000000
v 0.000000 1.040000 0.000000
v 0.000000 1.040000 0.000000
v 0.000000 1.040000 0.000000
v 0.000000 1.040000 0.000000
v 0.000000 1.040000 0.000000
v 0.000000 1.040000 0.000000
v 0.000000 1.040000 0.000000
v 0.000000 1.040000 0.000000
v 0.000000 1.040000 0.000000
v 0.000000 1.040000 0.000000
v 0.000000 1.040000 0.000000
v 0.096989 1.033598 0.000000
v 0.095126 1.033598 0.018922
v 0.089606 1.033598 0.037116
v 0.080644 1.033598 0.053884
v 0.068582 1.033598 0.068582
v 0.053884 1.033598 0.080644
v 0.037116 1.033598 0.089606
v 0.018922 1.033598 0.095126
v 0.000000 1.033598 0.096989
v -0.018922 1.033598 0.095126
v -0.037116 1.033598 0.089606
v -0.053884 1.033598 0.080644
v -0.068582 1.033598 0.068582
v -0.080644 1.033598 0.053884
v -0.089606 1.033598 0.037116
v -0.095126 1.033598 0.018922
v -0.096989 1.033598 0.000000
v -0.095126 1.033598 -0.018922
v -0.089606 1.033598 -0.037116
v -0.080644 1.033598 -0.053884
v -0.068582 1.033598 -0.068582
v -0.053884 1.033598 -0.080644
v -0.037116 1.033598 -0.089606
v -0.018922 1.033598 -0.095126
v -0.000000 1.033598 -0.096989
v 0.018922 1.033598 -0.095126
v 0.037116 1.033598 -0.089606
v 0.053884 1.033598 -0.080644
v 0.068582 1.033598 -0.068582
v 0.080644 1.033598 -0.053884
v 0.089606 1.033598 -0.037116
v 0.095126 1.033598 -0.018922
v 0.096989 1.033598 -0.000000
v 0.191591 1.014549 0.000000
v 0.187909 1.014549 0.037377
v 0.177007 1.014549 0.073319
v 0.159302 1.014549 0.106442
v 0.135475 1.014549 0.135475
v 0.106442 1.014549 0.159302
v 0.073319 1.014549 0.177007
v 0.037377 1.014549 0.187909
v 0.000000 1.014549 0.191591
v -0.037377 1.014549 0.187909
v -0.073319 1.014549 0.177007
v -0.106442 1.014549 0.159302
v -0.135475 1.014549 0.135475
v -0.159302 1.014549 0.106442
v -0.177007 1.014549 0.073319
v -0.187909 1.014549 0.037377
v -0.191591 1.014549 0.000000
v -0.187909 1.014549 -0.037377
v -0.177007 1.014549 -0.073319
v -0.159302 1.014549 -0.106442
v -0.135475 1.014549 -0.135475
v -0.106442 1.014549 -0.159302
v -0.073319 1.014549 -0.177007
v -0.037377 1.014549 -0.187909
v -0.000000 1.014549 -0.191591
v 0.037377 1.014549 -0.187909
v 0.073319 1.014549 -0.177007
v 0.106442 1.014549 -0.159302
v 0.135475 1.014549 -0.135475
v 0.159302 1.014549 -0.106442
v 0.177007 1.014549 -0.073319
v 0.187909 1.014549 -0.037377
v 0.191591 1.014549 -0.000000
v 0.281474 0.983323 0.000000
v 0.276066 0.983323 0.054913
v 0.260048 0.983323 0.107715
v 0.234037 0.983323 0.156379
v 0.199032 0.983323 0.199032
v 0.156379 0.983323 0.234037
v 0.107715 0.983323 0.260048
v 0.054913 0.983323 0.276066
v 0.000000 0.983323 0.281474
v -0.054913 0.983323 0.276066
v -0.107715 0.983323 0.260048
v -0.156379 0.983323 0.234037
v -0.199032 0.983323 0.199032
v -0.234037 0.983323 0.156379
v -0.260048 0.983323 0.107715
v -0.276066 0.983323 0.054913
v -0.281474 0.983323 0.000000
v -0.276066 0.983323 -0.054913
v -0.260048 0.983323 -0.107715
v -0.234037 0.983323 -0.156379
v -0.199032 0.983323 -0.199032
v -0.156379 0.983323 -0.234037
v -0.107715 0.983323 -0.260048
v -0.054913 0.983323 -0.276066
v -0.000000 0.983323 -0.281474
v 0.054913 0.983323 -0.276066
v 0.107715 0.983323 -0.260048
v 0.156379 0.983323 -0.234037
v 0.199032 0.983323 -0.199032
v 0.234037 0.983323 -0.156379
v 0.260048 0.983323 -0.107715
v 0.276066 0.983323 -0.054913
v 0.281474 0.983323 -0.000000
v 0.364427 0.940689 0.000000
v 0.357424 0.940689 0.071096
v 0.336687 0.940689 0.139460
v 0.303010 0.940689 0.202465
v 0.257689 0.940689 0.257689
v 0.202465 0.940689 0.303010
v 0.139460 0.940689 0.336687
v 0.071096 0.940689 0.357424
v 0.000000 0.940689 0.364427
v -0.071096 0.940689 0.357424
v -0.139460 0.940689 0.336687
v -0.202465 0.940689 0.303010
v -0.257689 0.940689 0.257689
v -0.303010 0.940689 0.202465
v -0.336687 0.940689 0.139460
v -0.357424 0.940689 0.071096
v -0.364427 0.940689 0.000000
v -0.357424 0.940689 -0.071096
v -0.336687 0.940689 -0.139460
v -0.303010 0.940689 -0.202465
v -0.257689 0.940689 -0.257689
v -0.202465 0.940689 -0.303010
v -0.139460 0.940689 -0.336687
v -0.071096 0.940689 -0.357424
v -0.000000 0.940689 -0.364427
v 0.071096 0.940689 -0.357424
v 0.139460 0.940689 -0.336687
v 0.202465 0.940689 -0.303010
v 0.257689 0.940689 -0.257689
v 0.303010 0.940689 -0.202465
v 0.336687 0.940689 -0.139460
v 0.357424 0.940689 -0.071096
v 0.364427 0.940689 -0.000000
v 0.438406 0.887696 0.000000
v 0.429982 0.887696 0.085529
v 0.405035 0.887696 0.167771
v 0.364521 0.887696 0.243565
v 0.310000 0.887696 0.310000
v 0.243565 0.887696 0.364521
v 0.167771 0.887696 0.405035
v 0.085529 0.887696 0.429982
v 0.000000 0.887696 0.438406
v -0.085529 0.887696 0.429982
v -0.167771 0.887696 0.405035
v -0.243565 0.887696 0.364521
v -0.310000 0.887696 0.310000
v -0.364521 0.887696 0.243565
v -0.405035 0.887696 0.167771
v -0.429982 0.887696 0.085529
v -0.438406 0.887696 0.000000
v -0.429982 0.887696 -0.085529
v -0.405035 0.887696 -0.167771
v -0.364521 0.887696 -0.243565
v -0.310000 0.887696 -0.310000
v -0.243565 0.887696 -0.364521
v -0.167771 0.887696 -0.405035
v -0.085529 0.887696 -0.429982
v -0.000000 0.887696 -0.438406
v 0.085529 0.887696 -0.429982
v 0.167771 0.887696 -0.405035
v 0.243565 0.887696 -0.364521
v 0.310000 0.887696 -0.310000
v 0.364521 0.887696 -0.243565
v 0.405035 0.887696 -0.167771
v 0.429982 0.887696 -0.085529
v 0.438406 0.887696 -0.000000
v 0.501591 0.825648 0.000000
v 0.491953 0.825648 0.097855
v 0.463409 0.825648 0.191950
v 0.417057 0.825648 0.278669
v 0.354678 0.825648 0.354678
v 0.278669 0.825648 0.417057
v 0.191950 0.825648 0.463409
v 0.097855 0.825648 0.491953
v 0.000000 0.825648 0.501591
v -0.097855 0.825648 0.491953
v -0.191950 0.825648 0.463409
v -0.278669 0.825648 0.417057
v -0.354678 0.825648 0.354678
v -0.417057 0.825648 0.278669
v -0.463409 0.825648 0.191950
v -0.491953 0.825648 0.097855
v -0.501591 0.825648 0.000000
v -0.491953 0.825648 -0.097855
v -0.463409 0.825648 -0.191950
v -0.417057 0.825648 -0.278669
v -0.354678 0.825648 -0.354678
v -0.278669 0.825648 -0.417057
v -0.191950 0.825648 -0.463409
v -0.097855 0.825648 -0.491953
v -0.000000 0.825648 -0.501591
v 0.097855 0.825648 -0.491953
v 0.191950 0.825648 -0.463409
v 0.278669 0.825648 -0.417057
v 0.354678 0.825648 -0.354678
v 0.417057 0.825648 -0.278669
v 0.463409 0.825648 -0.191950
v 0.491953 0.825648 -0.097855
v 0.501591 0.825648 -0.000000
v 0.552424 0.756075 0.000000
v 0.541809 0.756075 0.107773
v 0.510373 0.756075 0.211404
v 0.459324 0.756075 0.306910
v 0.390623 0.756075 0.390623
v 0.306910 0.756075 0.459324
v 0.211404 0.756075 0.510373
v 0.107773 0.756075 0.541809
v 0.000000 0.756075 0.552424
v -0.107773 0.756075 0.541809
v -0.211404 0.756075 0.510373
v -0.306910 0.756075 0.459324
v -0.390623 0.756075 0.390623
v -0.459324 0.756075 0.306910
v -0.510373 0.756075 0.211404
v -0.541809 0.756075 0.107773
v -0.552424 0.756075 0.000000
v -0.541809 0.756075 -0.107773
v -0.510373 0.756075 -0.211404
v -0.459324 0.756075 -0.306910
v -0.390623 0.756075 -0.390623
v -0.306910 0.756075 -0.459324
v -0.211404 0.756075 -0.510373
v -0.107773 0.756075 -0.541809
v -0.000000 0.756075 -0.552424
v 0.107773 0.756075 -0.541809
v 0.211404 0.756075 -0.510373
v 0.306910 0.756075 -0.459324
v 0.390623 0.756075 -0.390623
v 0.459324 0.756075 -0.306910
v 0.510373 0.756075 -0.211404
v 0.541809 0.756075 -0.107773
v 0.552424 0.756075 -0.000000
v 0.589655 0.680689 0.000000
v 0.578325 0.680689 0.115036
v 0.544770 0.680689 0.225651
v 0.490280 0.680689 0.327595
v 0.416949 0.680689 0.416949
v 0.327595 0.680689 0.490280
v 0.225651 0.680689 0.544770
v 0.115036 0.680689 0.578325
v 0.000000 0.680689 0.589655
v -0.115036 0.680689 0.578325
v -0.225651 0.680689 0.544770
v -0.327595 0.680689 0.490280
v -0.416949 0.680689 0.416949
v -0.490280 0.680689 0.327595
v -0.544770 0.680689 0.225651
v -0.578325 0.680689 0.115036
v -0.589655 0.680689 0.000000
v -0.578325 0.680689 -0.115036
v -0.544770 0.680689 -0.225651
v -0.490280 0.680689 -0.327595
v -0.416949 0.680689 -0.416949
v -0.327595 0.680689 -0.490280
v -0.225651 0.680689 -0.544770
v -0.115036 0.680689 -0.578325
v -0.000000 0.680689 -0.589655
v 0.115036 0.680689 -0.578325
v 0.225651 0.680689 -0.544770
v 0.327595 0.680689 -0.490280
v 0.416949 0.680689 -0.416949
v 0.490280 0.680689 -0.327595
v 0.544770 0.680689 -0.225651
v 0.578325 0.680689 -0.115036
v 0.589655 0.680689 -0.000000
v 0.612367 0.601346 0.000000
v 0.600600 0.601346 0.119467
v 0.565753 0.601346 0.234343
v 0.509164 0.601346 0.340213
v 0.433009 0.601346 0.433009
v 0.340213 0.601346 0.509164
v 0.234343 0.601346 0.565753
v 0.119467 0.601346 0.600600
v 0.000000 0.601346 0.612367
v -0.119467 0.601346 0.600600
v -0.234343 0.601346 0.565753
v -0.340213 0.601346 0.509164
v -0.433009 0.601346 0.433009
v -0.509164 0.601346 0.340213
v -0.565753 0.601346 0.234343
v -0.600600 0.601346 0.119467
v -0.612367 0.601346 0.000000
v -0.600600 0.601346 -0.119467
v -0.565753 0.601346 -0.234343
v -0.509164 0.601346 -0.340213
v -0.433009 0.601346 -0.433009
v -0.340213 0.601346 -0.509164
v -0.234343 0.601346 -0.565753
v -0.119467 0.601346 -0.600600
v -0.000000 0.601346 -0.612367
v 0.119467 0.601346 -0.600600
v 0.234343 0.601346 -0.565753
v 0.340213 0.601346 -0.509164
v 0.433009 0.601346 -0.433009
v 0.509164 0.601346 -0.340213
v 0.565753 0.601346 -0.234343
v 0.600600 0.601346 -0.119467
v 0.612367 0.601346 -0.000000
v 0.620000 0.520000 0.000000
v 0.608087 0.520000 0.120956
v 0.572805 0.520000 0.237264
v 0.515511 0.520000 0.344454
v 0.438406 0.520000 0.438406
v 0.344454 0.520000 0.515511
v 0.237264 0.520000 0.572805
v 0.120956 0.520000 0.608087
v 0.000000 0.520000 0.620000
v -0.120956 0.520000 0.608087
v -0.237264 0.520000 0.572805
v -0.344454 0.520000 0.515511
v -0.438406 0.520000 0.438406
v -0.515511 0.520000 0.344454
v -0.572805 0.520000 0.237264
v -0.608087 0.520000 0.120956
v -0.620000 0.520000 0.000000
v -0.608087 0.520000 -0.120956
v -0.572805 0.520000 -0.237264
v -0.515511 0.520000 -0.344454
v -0.438406 0.520000 -0.438406
v -0.344454 0.520000 -0.515511
v -0.237264 0.520000 -0.572805
v -0.120956 0.520000 -0.608087
v -0.000000 0.520000 -0.620000
v 0.120956 0.520000 -0.608087
v 0.237264 0.520000 -0.572805
v 0.344454 0.520000 -0.515511
v 0.438406 0.520000 -0.438406
v 0.515511 0.520000 -0.344454
v 0.572805 0.520000 -0.237264
v 0.608087 0.520000 -0.120956
v 0.620000 0.520000 -0.000000
v 0.612367 0.438654 0.000000
v 0.600600 0.438654 0.119467
v 0.565753 0.438654 0.234343
v 0.509164 0.438654 0.340213
v 0.433009 0.438654 0.433009
v 0.340213 0.438654 0.509164
v 0.234343 0.438654 0.565753
v 0.119467 0.438654 0.600600
v 0.000000 0.438654 0.612367
v -0.119467 0.438654 0.600600
v -0.234343 0.438654 0.565753
v -0.340213 0.438654 0.509164
v -0.433009 0.438654 0.433009
v -0.509164 0.438654 0.340213
v -0.565753 0.438654 0.234343
v -0.600600 0.438654 0.119467
v -0.612367 0.438654 0.000000
v -0.600600 0.438654 -0.119467
v -0.565753 0.438654 -0.234343
v -0.509164 0.438654 -0.340213
v -0.433009 0.438654 -0.433009
v -0.340213 0.438654 -0.509164
v -0.234343 0.438654 -0.565753
v -0.119467 0.438654 -0.600600
v -0.000000 0.438654 -0.612367
v 0.119467 0.438654 -0.600600
v 0.234343 0.438654 -0.565753
v 0.340213 0.438654 -0.509164
v 0.433009 0.438654 -0.433009
v 0.509164 0.438654 -0.340213
v 0.565753 0.438654 -0.234343
v 0.600600 0.438654 -0.119467
v 0.612367 0.438654 -0.000000
v 0.589655 0.359311 0.000000
v 0.578325 0.359311 0.115036
v 0.544770 0.359311 0.225651
v 0.490280 0.359311 0.327595
v 0.416949 0.359311 0.416949
v 0.327595 0.359311 0.490280
v 0.225651 0.359311 0.544770
v 0.115036 0.359311 0.578325
v 0.000000 0.359311 0.589655
v -0.115036 0.359311 0.578325
v -0.225651 0.359311 0.544770
v -0.327595 0.359311 0.490280
v -0.416949 0.359311 0.416949
v -0.490280 0.359311 0.327595
v -0.544770 0.359311 0.225651
v -0.578325 0.359311 0.115036
v -0.589655 0.359311 0.000000
v -0.578325 0.359311 -0.115036
v -0.544770 0.359311 -0.225651
v -0.490280 0.359311 -0.327595
v -0.416949 0.359311 -0.416949
v -0.327595 0.359311 -0.490280
v -0.225651 0.359311 -0.544770
v -0.115036 0.359311 -0.578325
v -0.000000 0.359311 -0.589655
v 0.115036 0.359311 -0.578325
v 0.225651 0.359311 -0.544770
v 0.327595 0.359311 -0.490280
v 0.416949 0.359311 -0.416949
v 0.490280 0.359311 -0.327595
v 0.544770 0.359311 -0.225651
v 0.578325 0.359311 -0.115036
v 0.589655 0.359311 -0.000000
v 0.552424 0.283925 0.000000
v 0.541809 0.283925 0.107773
v 0.510373 0.283925 0.211404
v 0.459324 0.283925 0.306910
v 0.390623 0.283925 0.390623
v 0.306910 0.283925 0.459324
v 0.211404 0.283925 0.510373
v 0.107773 0.283925 0.541809
v 0.000000 0.283925 0.552424
v -0.107773 0.283925 0.541809
v -0.211404 0.283925 0.510373
v -0.306910 0.283925 0.459324
v -0.390623 0.283925 0.390623
v -0.459324 0.283925 0.306910
v -0.510373 0.283925 0.211404
v -0.541809 0.283925 0.107773
v -0.552424 0.283925 0.000000
v -0.541809 0.283925 -0.107773
v -0.510373 0.283925 -0.211404
v -0.459324 0.283925 -0.306910
v -0.390623 0.283925 -0.390623
v -0.306910 0.283925 -0.459324
v -0.211404 0.283925 -0.510373
v -0.107773 0.283925 -0.541809
v -0.000000 0.283925 -0.552424
v 0.107773 0.283925 -0.541809
v 0.211404 0.283925 -0.510373
v 0.306910 0.283925 -0.459324
v 0.390623 0.283925 -0.390623
v 0.459324 0.283925 -0.306910
v 0.510373 0.283925 -0.211404
v 0.541809 0.283925 -0.107773
v 0.552424 0.283925 -0.000000
v 0.501591 0.214352 0.000000
v 0.491953 0.214352 0.097855
v 0.463409 0.214352 0.191950
v 0.417057 0.214352 0.278669
v 0.354678 0.214352 0.354678
v 0.278669 0.214352 0.417057
v 0.191950 0.214352 0.463409
v 0.097855 0.214352 0.491953
v 0.000000 0.214352 0.501591
v -0.097855 0.214352 0.491953
v -0.191950 0.214352 0.463409
v -0.278669 0.214352 0.417057
v -0.354678 0.214352 0.354678
v -0.417057 0.214352 0.278669
v -0.463409 0.214352 0.191950
v -0.491953 0.214352 0.097855
v -0.501591 0.214352 0.000000
v -0.491953 0.214352 -0.097855
v -0.463409 0.214352 -0.191950
v -0.417057 0.214352 -0.278669
v -0.354678 0.214352 -0.354678
v -0.278669 0.214352 -0.417057
v -0.191950 0.214352 -0.463409
v -0.097855 0.214352 -0.491953
v -0.000000 0.214352 -0.501591
v 0.097855 0.214352 -0.491953
v 0.191950 0.214352 -0.463409
v 0.278669 0.214352 -0.417057
v 0.354678 0.214352 -0.354678
v 0.417057 0.214352 -0.278669
v 0.463409 0.214352 -0.191950
v 0.491953 0.214352 -0.097855
v 0.501591 0.214352 -0.000000
v 0.438406 0.152304 0.000000
v 0.429982 0.152304 0.085529
v 0.405035 0.152304 0.167771
v 0.364521 0.152304 0.243565
v 0.310000 0.152304 0.310000
v 0.243565 0.152304 0.364521
v 0.167771 0.152304 0.405035
v 0.085529 0.152304 0.429982
v 0.000000 0.152304 0.438406
v -0.085529 0.152304 0.429982
v -0.167771 0.152304 0.405035
v -0.243565 0.152304 0.364521
v -0.310000 0.152304 0.310000
v -0.364521 0.152304 0.243565
v -0.405035 0.152304 0.167771
v -0.429982 0.152304 0.085529
v -0.438406 0.152304 0.000000
v -0.429982 0.152304 -0.085529
v -0.405035 0.152304 -0.167771
v -0.364521 0.152304 -0.243565
v -0.310000 0.152304 -0.310000
v -0.243565 0.152304 -0.364521
v -0.167771 0.152304 -0.405035
v -0.085529 0.152304 -0.429982
v -0.000000 0.152304 -0.438406
v 0.085529 0.152304 -0.429982
v 0.167771 0.152304 -0.405035
v 0.243565 0.152304 -0.364521
v 0.310000 0.152304 -0.310000
v 0.364521 0.152304 -0.243565
v 0.405035 0.152304 -0.167771
v 0.429982 0.152304 -0.085529
v 0.438406 0.152304 -0.000000
v 0.364427 0.099311 0.000000
v 0.357424 0.099311 0.071096
v 0.336687 0.099311 0.139460
v 0.303010 0.099311 0.202465
v 0.257689 0.099311 0.257689
v 0.202465 0.099311 0.303010
v 0.139460 0.099311 0.336687
v 0.071096 0.099311 0.357424
v 0.000000 0.099311 0.364427
v -0.071096 0.099311 0.357424
v -0.139460 0.099311 0.336687
v -0.202465 0.099311 0.303010
v -0.257689 0.099311 0.257689
v -0.303010 0.099311 0.202465
v -0.336687 0.099311 0.139460
v -0.357424 0.099311 0.071096
v -0.364427 0.099311 0.000000
v -0.357424 0.099311 -0.071096
v -0.336687 0.099311 -0.139460
v -0.303010 0.099311 -0.202465
v -0.257689 0.099311 -0.257689
v -0.202465 0.099311 -0.303010
v -0.139460 0.099311 -0.336687
v -0.071096 0.099311 -0.357424
v -0.000000 0.099311 -0.364427
v 0.071096 0.099311 -0.357424
v 0.139460 0.099311 -0.336687
v 0.202465 0.099311 -0.303010
v 0.257689 0.099311 -0.257689
v 0.303010 0.099311 -0.202465
v 0.336687 0.099311 -0.139460
v 0.357424 0.099311 -0.071096
v 0.364427 0.099311 -0.000000
v 0.281474 0.056677 0.000000
v 0.276066 0.056677 0.054913
v 0.260048 0.056677 0.107715
v 0.234037 0.056677 0.156379
v 0.199032 0.056677 0.199032
v 0.156379 0.056677 0.234037
v 0.107715 0.056677 0.260048
v 0.054913 0.056677 0.276066
v 0.000000 0.056677 0.281474
v -0.054913 0.056677 0.276066
v -0.107715 0.056677 0.260048
v -0.156379 0.056677 0.234037
v -0.199032 0.056677 0.199032
v -0.234037 0.056677 0.156379
v -0.260048 0.056677 0.107715
v -0.276066 0.056677 0.054913
v -0.281474 0.056677 0.000000
v -0.276066 0.056677 -0.054913
v -0.260048 0.056677 -0.107715
v -0.234037 0.056677 -0.156379
v -0.199032 0.056677 -0.199032
v -0.156379 0.056677 -0.234037
v -0.107715 0.056677 -0.260048
v -0.054913 0.056677 -0.276066
v -0.000000 0.056677 -0.281474
v 0.054913 0.056677 -0.276066
v 0.107715 0.056677 -0.260048
v 0.156379 0.056677 -0.234037
v 0.199032 0.056677 -0.199032
v 0.234037 0.056677 -0.156379
v 0.260048 0.056677 -0.107715
v 0.276066 0.056677 -0.054913
v 0.281474 0.056677 -0.000000
v 0.191591 0.025451 0.000000
v 0.187909 0.025451 0.037377
v 0.177007 0.025451 0.073319
v 0.159302 0.025451 0.106442
v 0.135475 0.025451 0.135475
v 0.106442 0.025451 0.159302
v 0.073319 0.025451 0.177007
v 0.037377 0.025451 0.187909
v 0.000000 0.025451 0.191591
v -0.037377 0.025451 0.187909
v -0.073319 0.025451 0.177007
v -0.106442 0.025451 0.159302
v -0.135475 0.025451 0.135475
v -0.159302 0.025451 0.106442
v -0.177007 0.025451 0.073319
v -0.187909 0.025451 0.037377
v -0.191591 0.025451 0.000000
v -0.187909 0.025451 -0.037377
v -0.177007 0.025451 -0.073319
v -0.159302 0.025451 -0.106442
v -0.135475 0.025451 -0.135475
v -0.106442 0.025451 -0.159302
v -0.073319 0.025451 -0.177007
v -0.037377 0.025451 -0.187909
v -0.000000 0.025451 -0.191591
v 0.037377 0.025451 -0.187909
v 0.073319 0.025451 -0.177007
v 0.106442 0.025451 -0.159302
v 0.135475 0.025451 -0.135475
v 0.159302 0.025451 -0.106442
v 0.177007 0.025451 -0.073319
v 0.187909 0.025451 -0.037377
v 0.191591 0.025451 -0.000000
v 0.096989 0.006402 0.000000
v 0.095126 0.006402 0.018922
v 0.089606 0.006402 0.037116
v 0.080644 0.006402 0.053884
v 0.068582 0.006402 0.068582
v 0.053884 0.006402 0.080644
v 0.037116 0.006402 0.089606
v 0.018922 0.006402 0.095126
v 0.000000 0.006402 0.096989
v -0.018922 0.006402 0.095126
v -0.037116 0.006402 0.089606
v -0.053884 0.006402 0.080644
v -0.068582 0.006402 0.068582
v -0.080644 0.006402 0.053884
v -0.089606 0.006402 0.037116
v -0.095126 0.006402 0.018922
v -0.096989 0.006402 0.000000
v -0.095126 0.006402 -0.018922
v -0.089606 0.006402 -0.037116
v -0.080644 0.006402 -0.053884
v -0.068582 0.006402 -0.068582
v -0.053884 0.006402 -0.080644
v -0.037116 0.006402 -0.089606
v -0.018922 0.006402 -0.095126
v -0.000000 0.006402 -0.096989
v 0.018922 0.006402 -0.095126
v 0.037116 0.006402 -0.089606
v 0.053884 0.006402 -0.080644
v 0.068582 0.006402 -0.068582
v 0.080644 0.006402 -0.053884
v 0.089606 0.006402 -0.037116
v 0.095126 0.006402 -0.018922
v 0.096989 0.006402 -0.000000
v 0.000000 0.000000 0.000000
v 0.000000 0.000000 0.000000
v 0.000000 0.000000 0.000000
v 0.000000 0.000000 0.000000
v 0.000000 0.000000 0.000000
v 0.000000 0.000000 0.000000
v 0.000000 0.000000 0.000000
v 0.000000 0.000000 0.000000
v 0.000000 0.000000 0.000000
v -0.000000 0.000000 0.000000
v -0.000000 0.000000 0.000000
v -0.000000 0.000000 0.000000
v -0.000000 0.000000 0.000000
v -0.000000 0.000000 0.000000
v -0.000000 0.000000 0.000000
v -0.000000 0.000000 0.000000
v -0.000000 0.000000 0.000000
v -0.000000 0.000000 -0.000000
v -0.000000 0.000000 -0.000000
v -0.000000 0.000000 -0.000000
v -0.000000 0.000000 -0.000000
v -0.000000 0.000000 -0.000000
v -0.000000 0.000000 -0.000000
v -0.000000 0.000000 -0.000000
v -0.000000 0.000000 -0.000000
v 0.000000 0.000000 -0.000000
v 0.000000 0.000000 -0.000000
v 0.000000 0.000000 -0.000000
v 0.000000 0.000000 -0.000000
v 0.000000 0.000000 -0.000000
v 0.000000 0.000000 -0.000000
v 0.000000 0.000000 -0.000000
v 0.000000 0.000000 -0.000000
v 0.000000 1.100000 0.000000
v 0.000000 1.100000 0.000000
v 0.000000 1.100000 0.000000
v 0.000000 1.100000 0.000000
v 0.000000 1.100000 0.000000
v 0.000000 1.100000 0.000000
v 0.000000 1.100000 0.000000
v 0.000000 1.100000 0.000000
v 0.000000 1.100000 0.000000
v 0.000000 1.100000 0.000000
v 0.000000 1.100000 0.000000
v 0.000000 1.100000 0.000000
v 0.000000 1.100000 0.000000
v 0.000000 1.100000 0.000000
v 0.000000 1.100000 0.000000
v 0.000000 1.100000 0.000000
v 0.000000 1.100000 0.000000
v 0.000000 1.100000 0.000000
v 0.000000 1.100000 0.000000
v 0.000000 1.100000 0.000000
v 0.000000 1.100000 0.000000
v 0.000000 1.100000 0.000000
v 0.000000 1.100000 0.000000
v 0.000000 1.100000 0.000000
v 0.000000 1.100000 0.000000
v 0.000000 1.100000 0.000000
v 0.000000 1.100000 0.000000
v 0.000000 1.100000 0.000000
v 0.000000 1.100000 0.000000
v 0.077420 1.096974 0.000000
v 0.075479 1.096974 0.017228
v 0.069753 1.096974 0.033591
v 0.060529 1.096974 0.048270
v 0.048270 1.096974 0.060529
v 0.033591 1.096974 0.069753
v 0.017228 1.096974 0.075479
v 0.000000 1.096974 0.077420
v -0.017228 1.096974 0.075479
v -0.033591 1.096974 0.069753
v -0.048270 1.096974 0.060529
v -0.060529 1.096974 0.048270
v -0.069753 1.096974 0.033591
v -0.075479 1.096974 0.017228
v -0.077420 1.096974 0.000000
v -0.075479 1.096974 -0.017228
v -0.069753 1.096974 -0.033591
v -0.060529 1.096974 -0.048270
v -0.048270 1.096974 -0.060529
v -0.033591 1.096974 -0.069753
v -0.017228 1.096974 -0.075479
v -0.000000 1.096974 -0.077420
v 0.017228 1.096974 -0.075479
v 0.033591 1.096974 -0.069753
v 0.048270 1.096974 -0.060529
v 0.060529 1.096974 -0.048270
v 0.069753 1.096974 -0.033591
v 0.075479 1.096974 -0.017228
v 0.077420 1.096974 -0.000000
v 0.151912 1.088012 0.000000
v 0.148103 1.088012 0.033804
v 0.136868 1.088012 0.065912
v 0.118769 1.088012 0.094715
v 0.094715 1.088012 0.118769
v 0.065912 1.088012 0.136868
v 0.033804 1.088012 0.148103
v 0.000000 1.088012 0.151912
v -0.033804 1.088012 0.148103
v -0.065912 1.088012 0.136868
v -0.094715 1.088012 0.118769
v -0.118769 1.088012 0.094715
v -0.136868 1.088012 0.065912
v -0.148103 1.088012 0.033804
v -0.151912 1.088012 0.000000
v -0.148103 1.088012 -0.033804
v -0.136868 1.088012 -0.065912
v -0.118769 1.088012 -0.094715
v -0.094715 1.088012 -0.118769
v -0.065912 1.088012 -0.136868
v -0.033804 1.088012 -0.148103
v -0.000000 1.088012 -0.151912
v 0.033804 1.088012 -0.148103
v 0.065912 1.088012 -0.136868
v 0.094715 1.088012 -0.118769
v 0.118769 1.088012 -0.094715
v 0.136868 1.088012 -0.065912
v 0.148103 1.088012 -0.033804
v 0.151912 1.088012 -0.000000
v 0.220658 1.073453 0.000000
v 0.215126 1.073453 0.049101
v 0.198806 1.073453 0.095740
v 0.172518 1.073453 0.137578
v 0.137578 1.073453 0.172518
v 0.095740 1.073453 0.198806
v 0.049101 1.073453 0.215126
v 0.000000 1.073453 0.220658
v -0.049101 1.073453 0.215126
v -0.095740 1.073453 0.198806
v -0.137578 1.073453 0.172518
v -0.172518 1.073453 0.137578
v -0.198806 1.073453 0.095740
v -0.215126 1.073453 0.049101
v -0.220658 1.073453 0.000000
v -0.215126 1.073453 -0.049101
v -0.198806 1.073453 -0.095740
v -0.172518 1.073453 -0.137578
v -0.137578 1.073453 -0.172518
v -0.095740 1.073453 -0.198806
v -0.049101 1.073453 -0.215126
v -0.000000 1.073453 -0.220658
v 0.049101 1.073453 -0.215126
v 0.095740 1.073453 -0.198806
v 0.137578 1.073453 -0.172518
v 0.172518 1.073453 -0.137578
v 0.198806 1.073453 -0.095740
v 0.215126 1.073453 -0.049101
v 0.220658 1.073453 -0.000000
v 0.281060 1.053846 0.000000
v 0.274013 1.053846 0.062542
v 0.253226 1.053846 0.121947
v 0.219742 1.053846 0.175238
v 0.175238 1.053846 0.219742
v 0.121947 1.053846 0.253226
v 0.062542 1.053846 0.274013
v 0.000000 1.053846 0.281060
v -0.062542 1.053846 0.274013
v -0.121947 1.053846 0.253226
v -0.175238 1.053846 0.219742
v -0.219742 1.053846 0.175238
v -0.253226 1.053846 0.121947
v -0.274013 1.053846 0.062542
v -0.281060 1.053846 0.000000
v -0.274013 1.053846 -0.062542
v -0.253226 1.053846 -0.121947
v -0.219742 1.053846 -0.175238
v -0.175238 1.053846 -0.219742
v -0.121947 1.053846 -0.253226
v -0.062542 1.053846 -0.274013
v -0.000000 1.053846 -0.281060
v 0.062542 1.053846 -0.274013
v 0.121947 1.053846 -0.253226
v 0.175238 1.053846 -0.219742
v 0.219742 1.053846 -0.175238
v 0.253226 1.053846 -0.121947
v 0.274013 1.053846 -0.062542
v 0.281060 1.053846 -0.000000
v 0.330832 1.029933 0.000000
v 0.322538 1.029933 0.073617
v 0.298070 1.029933 0.143543
v 0.258655 1.029933 0.206271
v 0.206271 1.029933 0.258655
v 0.143543 1.029933 0.298070
v 0.073617 1.029933 0.322538
v 0.000000 1.029933 0.330832
v -0.073617 1.029933 0.322538
v -0.143543 1.029933 0.298070
v -0.206271 1.029933 0.258655
v -0.258655 1.029933 0.206271
v -0.298070 1.029933 0.143543
v -0.322538 1.029933 0.073617
v -0.330832 1.029933 0.000000
v -0.322538 1.029933 -0.073617
v -0.298070 1.029933 -0.143543
v -0.258655 1.029933 -0.206271
v -0.206271 1.029933 -0.258655
v -0.143543 1.029933 -0.298070
v -0.073617 1.029933 -0.322538
v -0.000000 1.029933 -0.330832
v 0.073617 1.029933 -0.322538
v 0.143543 1.029933 -0.298070
v 0.206271 1.029933 -0.258655
v 0.258655 1.029933 -0.206271
v 0.298070 1.029933 -0.143543
v 0.322538 1.029933 -0.073617
v 0.330832 1.029933 -0.000000
v 0.368093 1.002620 0.000000
v 0.358864 1.002620 0.081908
v 0.331640 1.002620 0.159709
v 0.287786 1.002620 0.229502
v 0.229502 1.002620 0.287786
v 0.159709 1.002620 0.331640
v 0.081908 1.002620 0.358864
v 0.000000 1.002620 0.368093
v -0.081908 1.002620 0.358864
v -0.159709 1.002620 0.331640
v -0.229502 1.002620 0.287786
v -0.287786 1.002620 0.229502
v -0.331640 1.002620 0.159709
v -0.358864 1.002620 0.081908
v -0.368093 1.002620 0.000000
v -0.358864 1.002620 -0.081908
v -0.331640 1.002620 -0.159709
v -0.287786 1.002620 -0.229502
v -0.229502 1.002620 -0.287786
v -0.159709 1.002620 -0.331640
v -0.081908 1.002620 -0.358864
v -0.000000 1.002620 -0.368093
v 0.081908 1.002620 -0.358864
v 0.159709 1.002620 -0.331640
v 0.229502 1.002620 -0.287786
v 0.287786 1.002620 -0.229502
v 0.331640 1.002620 -0.159709
v 0.358864 1.002620 -0.081908
v 0.368093 1.002620 -0.000000
v 0.391432 0.972938 0.000000
v 0.381618 0.972938 0.087102
v 0.352668 0.972938 0.169836
v 0.306034 0.972938 0.244054
v 0.244054 0.972938 0.306034
v 0.169836 0.972938 0.352668
v 0.087102 0.972938 0.381618
v 0.000000 0.972938 0.391432
v -0.087102 0.972938 0.381618
v -0.169836 0.972938 0.352668
v -0.244054 0.972938 0.306034
v -0.306034 0.972938 0.244054
v -0.352668 0.972938 0.169836
v -0.381618 0.972938 0.087102
v -0.391432 0.972938 0.000000
v -0.381618 0.972938 -0.087102
v -0.352668 0.972938 -0.169836
v -0.306034 0.972938 -0.244054
v -0.244054 0.972938 -0.306034
v -0.169836 0.972938 -0.352668
v -0.087102 0.972938 -0.381618
v -0.000000 0.972938 -0.391432
v 0.087102 0.972938 -0.381618
v 0.169836 0.972938 -0.352668
v 0.244054 0.972938 -0.306034
v 0.306034 0.972938 -0.244054
v 0.352668 0.972938 -0.169836
v 0.381618 0.972938 -0.087102
v 0.391432 0.972938 -0.000000
v 0.399968 0.942011 0.000000
v 0.389940 0.942011 0.089001
v 0.360359 0.942011 0.173540
v 0.312708 0.942011 0.249376
v 0.249376 0.942011 0.312708
v 0.173540 0.942011 0.360359
v 0.089001 0.942011 0.389940
v 0.000000 0.942011 0.399968
v -0.089001 0.942011 0.389940
v -0.173540 0.942011 0.360359
v -0.249376 0.942011 0.312708
v -0.312708 0.942011 0.249376
v -0.360359 0.942011 0.173540
v -0.389940 0.942011 0.089001
v -0.399968 0.942011 0.000000
v -0.389940 0.942011 -0.089001
v -0.360359 0.942011 -0.173540
v -0.312708 0.942011 -0.249376
v -0.249376 0.942011 -0.312708
v -0.173540 0.942011 -0.360359
v -0.089001 0.942011 -0.389940
v -0.000000 0.942011 -0.399968
v 0.089001 0.942011 -0.389940
v 0.173540 0.942011 -0.360359
v 0.249376 0.942011 -0.312708
v 0.312708 0.942011 -0.249376
v 0.360359 0.942011 -0.173540
v 0.389940 0.942011 -0.089001
v 0.399968 0.942011 -0.000000
v 0.393378 0.911007 0.000000
v 0.383515 0.911007 0.087535
v 0.354421 0.911007 0.170680
v 0.307555 0.911007 0.245267
v 0.245267 0.911007 0.307555
v 0.170680 0.911007 0.354421
v 0.087535 0.911007 0.383515
v 0.000000 0.911007 0.393378
v -0.087535 0.911007 0.383515
v -0.170680 0.911007 0.354421
v -0.245267 0.911007 0.307555
v -0.307555 0.911007 0.245267
v -0.354421 0.911007 0.170680
v -0.383515 0.911007 0.087535
v -0.393378 0.911007 0.000000
v -0.383515 0.911007 -0.087535
v -0.354421 0.911007 -0.170680
v -0.307555 0.911007 -0.245267
v -0.245267 0.911007 -0.307555
v -0.170680 0.911007 -0.354421
v -0.087535 0.911007 -0.383515
v -0.000000 0.911007 -0.393378
v 0.087535 0.911007 -0.383515
v 0.170680 0.911007 -0.354421
v 0.245267 0.911007 -0.307555
v 0.307555 0.911007 -0.245267
v 0.354421 0.911007 -0.170680
v 0.383515 0.911007 -0.087535
v 0.393378 0.911007 -0.000000
v 0.371911 0.881100 0.000000
v 0.362586 0.881100 0.082758
v 0.335080 0.881100 0.161366
v 0.290771 0.881100 0.231882
v 0.231882 0.881100 0.290771
v 0.161366 0.881100 0.335080
v 0.082758 0.881100 0.362586
v 0.000000 0.881100 0.371911
v -0.082758 0.881100 0.362586
v -0.161366 0.881100 0.335080
v -0.231882 0.881100 0.290771
v -0.290771 0.881100 0.231882
v -0.335080 0.881100 0.161366
v -0.362586 0.881100 0.082758
v -0.371911 0.881100 0.000000
v -0.362586 0.881100 -0.082758
v -0.335080 0.881100 -0.161366
v -0.290771 0.881100 -0.231882
v -0.231882 0.881100 -0.290771
v -0.161366 0.881100 -0.335080
v -0.082758 0.881100 -0.362586
v -0.000000 0.881100 -0.371911
v 0.082758 0.881100 -0.362586
v 0.161366 0.881100 -0.335080
v 0.231882 0.881100 -0.290771
v 0.290771 0.881100 -0.231882
v 0.335080 0.881100 -0.161366
v 0.362586 0.881100 -0.082758
v 0.371911 0.881100 -0.000000
v 0.000000 1.200000 0.000000
v 0.000000 1.200000 0.000000
v 0.000000 1.200000 0.000000
v 0.000000 1.200000 0.000000
v 0.000000 1.200000 0.000000
v 0.000000 1.200000 0.000000
v 0.000000 1.200000 0.000000
v 0.000000 1.200000 0.000000
v 0.000000 1.200000 0.000000
v 0.000000 1.200000 0.000000
v 0.000000 1.200000 0.000000
v 0.000000 1.200000 0.000000
v 0.000000 1.200000 0.000000
v 0.000000 1.200000 0.000000
v 0.000000 1.200000 0.000000
v 0.000000 1.200000 0.000000
v 0.000000 1.200000 0.000000
v 0.000000 1.200000 0.000000
v 0.000000 1.200000 0.000000
v 0.025882 1.196593 0.000000
v 0.024321 1.196593 0.008852
v 0.019827 1.196593 0.016637
v 0.012941 1.196593 0.022414
v 0.004494 1.196593 0.025489
v -0.004494 1.196593 0.025489
v -0.012941 1.196593 0.022414
v -0.019827 1.196593 0.016637
v -0.024321 1.196593 0.008852
v -0.025882 1.196593 0.000000
v -0.024321 1.196593 -0.008852
v -0.019827 1.196593 -0.016637
v -0.012941 1.196593 -0.022414
v -0.004494 1.196593 -0.025489
v 0.004494 1.196593 -0.025489
v 0.012941 1.196593 -0.022414
v 0.019827 1.196593 -0.016637
v 0.024321 1.196593 -0.008852
v 0.025882 1.196593 -0.000000
v 0.050000 1.186603 0.000000
v 0.046985 1.186603 0.017101
v 0.038302 1.186603 0.032139
v 0.025000 1.186603 0.043301
v 0.008682 1.186603 0.049240
v -0.008682 1.186603 0.049240
v -0.025000 1.186603 0.043301
v -0.038302 1.186603 0.032139
v -0.046985 1.186603 0.017101
v -0.050000 1.186603 0.000000
v -0.046985 1.186603 -0.017101
v -0.038302 1.186603 -0.032139
v -0.025000 1.186603 -0.043301
v -0.008682 1.186603 -0.049240
v 0.008682 1.186603 -0.049240
v 0.025000 1.186603 -0.043301
v 0.038302 1.186603 -0.032139
v 0.046985 1.186603 -0.017101
v 0.050000 1.186603 -0.000000
v 0.070711 1.170711 0.000000
v 0.066446 1.170711 0.024184
v 0.054168 1.170711 0.045452
v 0.035355 1.170711 0.061237
v 0.012279 1.170711 0.069636
v -0.012279 1.170711 0.069636
v -0.035355 1.170711 0.061237
v -0.054168 1.170711 0.045452
v -0.066446 1.170711 0.024184
v -0.070711 1.170711 0.000000
v -0.066446 1.170711 -0.024184
v -0.054168 1.170711 -0.045452
v -0.035355 1.170711 -0.061237
v -0.012279 1.170711 -0.069636
v 0.012279 1.170711 -0.069636
v 0.035355 1.170711 -0.061237
v 0.054168 1.170711 -0.045452
v 0.066446 1.170711 -0.024184
v 0.070711 1.170711 -0.000000
v 0.086603 1.150000 0.000000
v 0.081380 1.150000 0.029620
v 0.066341 1.150000 0.055667
v 0.043301 1.150000 0.075000
v 0.015038 1.150000 0.085287
v -0.015038 1.150000 0.085287
v -0.043301 1.150000 0.075000
v -0.066341 1.150000 0.055667
v -0.081380 1.150000 0.029620
v -0.086603 1.150000 0.000000
v -0.081380 1.150000 -0.029620
v -0.066341 1.150000 -0.055667
v -0.043301 1.150000 -0.075000
v -0.015038 1.150000 -0.085287
v 0.015038 1.150000 -0.085287
v 0.043301 1.150000 -0.075000
v 0.066341 1.150000 -0.055667
v 0.081380 1.150000 -0.029620
v 0.086603 1.150000 -0.000000
v 0.096593 1.125882 0.000000
v 0.090767 1.125882 0.033037
v 0.073994 1.125882 0.062089
v 0.048296 1.125882 0.083652
v 0.016773 1.125882 0.095125
v -0.016773 1.125882 0.095125
v -0.048296 1.125882 0.083652
v -0.073994 1.125882 0.062089
v -0.090767 1.125882 0.033037
v -0.096593 1.125882 0.000000
v -0.090767 1.125882 -0.033037
v -0.073994 1.125882 -0.062089
v -0.048296 1.125882 -0.083652
v -0.016773 1.125882 -0.095125
v 0.016773 1.125882 -0.095125
v 0.048296 1.125882 -0.083652
v 0.073994 1.125882 -0.062089
v 0.090767 1.125882 -0.033037
v 0.096593 1.125882 -0.000000
v 0.100000 1.100000 0.000000
v 0.093969 1.100000 0.034202
v 0.076604 1.100000 0.064279
v 0.050000 1.100000 0.086603
v 0.017365 1.100000 0.098481
v -0.017365 1.100000 0.098481
v -0.050000 1.100000 0.086603
v -0.076604 1.100000 0.064279
v -0.093969 1.100000 0.034202
v -0.100000 1.100000 0.000000
v -0.093969 1.100000 -0.034202
v -0.076604 1.100000 -0.064279
v -0.050000 1.100000 -0.086603
v -0.017365 1.100000 -0.098481
v 0.017365 1.100000 -0.098481
v 0.050000 1.100000 -0.086603
v 0.076604 1.100000 -0.064279
v 0.093969 1.100000 -0.034202
v 0.100000 1.100000 -0.000000
v 0.096593 1.074118 0.000000
v 0.090767 1.074118 0.033037
v 0.073994 1.074118 0.062089
v 0.048296 1.074118 0.083652
v 0.016773 1.074118 0.095125
v -0.016773 1.074118 0.095125
v -0.048296 1.074118 0.083652
v -0.073994 1.074118 0.062089
v -0.090767 1.074118 0.033037
v -0.096593 1.074118 0.000000
v -0.090767 1.074118 -0.033037
v -0.073994 1.074118 -0.062089
v -0.048296 1.074118 -0.083652
v -0.016773 1.074118 -0.095125
v 0.016773 1.074118 -0.095125
v 0.048296 1.074118 -0.083652
v 0.073994 1.074118 -0.062089
v 0.090767 1.074118 -0.033037
v 0.096593 1.074118 -0.000000
v 0.086603 1.050000 0.000000
v 0.081380 1.050000 0.029620
v 0.066341 1.050000 0.055667
v 0.043301 1.050000 0.075000
v 0.015038 1.050000 0.085287
v -0.015038 1.050000 0.085287
v -0.043301 1.050000 0.075000
v -0.066341 1.050000 0.055667
v -0.081380 1.050000 0.029620
v -0.086603 1.050000 0.000000
v -0.081380 1.050000 -0.029620
v -0.066341 1.050000 -0.055667
v -0.043301 1.050000 -0.075000
v -0.015038 1.050000 -0.085287
v 0.015038 1.050000 -0.085287
v 0.043301 1.050000 -0.075000
v 0.066341 1.050000 -0.055667
v 0.081380 1.050000 -0.029620
v 0.086603 1.050000 -0.000000
v 0.070711 1.029289 0.000000
v 0.066446 1.029289 0.024184
v 0.054168 1.029289 0.045452
v 0.035355 1.029289 0.061237
v 0.012279 1.029289 0.069636
v -0.012279 1.029289 0.069636
v -0.035355 1.029289 0.061237
v -0.054168 1.029289 0.045452
v -0.066446 1.029289 0.024184
v -0.070711 1.029289 0.000000
v -0.066446 1.029289 -0.024184
v -0.054168 1.029289 -0.045452
v -0.035355 1.029289 -0.061237
v -0.012279 1.029289 -0.069636
v 0.012279 1.029289 -0.069636
v 0.035355 1.029289 -0.061237
v 0.054168 1.029289 -0.045452
v 0.066446 1.029289 -0.024184
v 0.070711 1.029289 -0.000000
v 0.050000 1.013397 0.000000
v 0.046985 1.013397 0.017101
v 0.038302 1.013397 0.032139
v 0.025000 1.013397 0.043301
v 0.008682 1.013397 0.049240
v -0.008682 1.013397 0.049240
v -0.025000 1.013397 0.043301
v -0.038302 1.013397 0.032139
v -0.046985 1.013397 0.017101
v -0.050000 1.013397 0.000000
v -0.046985 1.013397 -0.017101
v -0.038302 1.013397 -0.032139
v -0.025000 1.013397 -0.043301
v -0.008682 1.013397 -0.049240
v 0.008682 1.013397 -0.049240
v 0.025000 1.013397 -0.043301
v 0.038302 1.013397 -0.032139
v 0.046985 1.013397 -0.017101
v 0.050000 1.013397 -0.000000
v 0.025882 1.003407 0.000000
v 0.024321 1.003407 0.008852
v 0.019827 1.003407 0.016637
v 0.012941 1.003407 0.022414
v 0.004494 1.003407 0.025489
v -0.004494 1.003407 0.025489
v -0.012941 1.003407 0.022414
v -0.019827 1.003407 0.016637
v -0.024321 1.003407 0.008852
v -0.025882 1.003407 0.000000
v -0.024321 1.003407 -0.008852
v -0.019827 1.003407 -0.016637
v -0.012941 1.003407 -0.022414
v -0.004494 1.003407 -0.025489
v 0.004494 1.003407 -0.025489
v 0.012941 1.003407 -0.022414
v 0.019827 1.003407 -0.016637
v 0.024321 1.003407 -0.008852
v 0.025882 1.003407 -0.000000
v 0.000000 1.000000 0.000000
v 0.000000 1.000000 0.000000
v 0.000000 1.000000 0.000000
v 0.000000 1.000000 0.000000
v 0.000000 1.000000 0.000000
v -0.000000 1.000000 0.000000
v -0.000000 1.000000 0.000000
v -0.000000 1.000000 0.000000
v -0.000000 1.000000 0.000000
v -0.000000 1.000000 0.000000
v -0.000000 1.000000 -0.000000
v -0.000000 1.000000 -0.000000
v -0.000000 1.000000 -0.000000
v -0.000000 1.000000 -0.000000
v 0.000000 1.000000 -0.000000
v 0.000000 1.000000 -0.000000
v 0.000000 1.000000 -0.000000
v 0.000000 1.000000 -0.000000
v 0.000000 1.000000 -0.000000
v 0.420000 0.420000 -0.027000
v 0.413987 0.463018 -0.019341
v 0.408699 0.500848 0.002712
v 0.404774 0.528926 0.036500
v 0.402685 0.543866 0.077947
v 0.402685 0.543866 0.122053
v 0.404774 0.528926 0.163500
v 0.408699 0.500848 0.197288
v 0.413987 0.463018 0.219341
v 0.420000 0.420000 0.227000
v 0.426013 0.376982 0.219341
v 0.431301 0.339152 0.197288
v 0.435226 0.311074 0.163500
v 0.437315 0.296134 0.122053
v 0.437315 0.296134 0.077947
v 0.435226 0.311074 0.036500
v 0.431301 0.339152 0.002712
v 0.426013 0.376982 -0.019341
v 0.420000 0.420000 -0.027000
v 0.523333 0.434444 -0.017033
v 0.512556 0.472994 -0.009975
v 0.503079 0.506894 0.010347
v 0.496044 0.532055 0.041483
v 0.492301 0.545444 0.079677
v 0.492301 0.545444 0.120323
v 0.496044 0.532055 0.158517
v 0.503079 0.506894 0.189653
v 0.512556 0.472994 0.209975
v 0.523333 0.434444 0.217033
v 0.534111 0.395895 0.209975
v 0.543588 0.361995 0.189653
v 0.550622 0.336833 0.158517
v 0.554365 0.323445 0.120323
v 0.554365 0.323445 0.079677
v 0.550622 0.336833 0.041483
v 0.543588 0.361995 0.010347
v 0.534111 0.395895 -0.009975
v 0.523333 0.434444 -0.017033
v 0.626667 0.477778 -0.007067
v 0.608795 0.509740 -0.000610
v 0.593080 0.537847 0.017982
v 0.581415 0.558708 0.046467
v 0.575209 0.569809 0.081408
v 0.575209 0.569809 0.118592
v 0.581415 0.558708 0.153533
v 0.593080 0.537847 0.182018
v 0.608795 0.509740 0.200610
v 0.626667 0.477778 0.207067
v 0.644538 0.445816 0.200610
v 0.660254 0.417709 0.182018
v 0.671918 0.396847 0.153533
v 0.678125 0.385747 0.118592
v 0.678125 0.385747 0.081408
v 0.671918 0.396847 0.046467
v 0.660254 0.417709 0.017982
v 0.644538 0.445816 -0.000610
v 0.626667 0.477778 -0.007067
v 0.730000 0.550000 0.002900
v 0.708659 0.575445 0.008756
v 0.689892 0.597822 0.025617
v 0.675962 0.614430 0.051450
v 0.668550 0.623267 0.083139
v 0.668550 0.623267 0.116861
v 0.675962 0.614430 0.148550
v 0.689892 0.597822 0.174383
v 0.708659 0.575445 0.191244
v 0.730000 0.550000 0.197100
v 0.751341 0.524555 0.191244
v 0.770108 0.502178 0.174383
v 0.784038 0.485570 0.148550
v 0.791450 0.476733 0.116861
v 0.791450 0.476733 0.083139
v 0.784038 0.485570 0.051450
v 0.770108 0.502178 0.025617
v 0.751341 0.524555 0.008756
v 0.730000 0.550000 0.002900
v 0.833333 0.651111 0.012867
v 0.811119 0.670976 0.018121
v 0.791583 0.688445 0.033252
v 0.777084 0.701411 0.056433
v 0.769368 0.708311 0.084869
v 0.769368 0.708311 0.115131
v 0.777084 0.701411 0.143567
v 0.791583 0.688445 0.166748
v 0.811119 0.670976 0.181879
v 0.833333 0.651111 0.187133
v 0.855548 0.631246 0.181879
v 0.875083 0.613777 0.166748
v 0.889583 0.600811 0.143567
v 0.897298 0.593912 0.115131
v 0.897298 0.593912 0.084869
v 0.889583 0.600811 0.056433
v 0.875083 0.613777 0.033252
v 0.855548 0.631246 0.018121
v 0.833333 0.651111 0.012867
v 0.936667 0.781111 0.022833
v 0.915201 0.796467 0.027487
v 0.896325 0.809971 0.040887
v 0.882315 0.819994 0.061417
v 0.874860 0.825327 0.086600
v 0.874860 0.825327 0.113400
v 0.882315 0.819994 0.138583
v 0.896325 0.809971 0.159113
v 0.915201 0.796467 0.172513
v 0.936667 0.781111 0.177167
v 0.958132 0.765755 0.172513
v 0.977008 0.752251 0.159113
v 0.991019 0.742228 0.138583
v 0.998474 0.736895 0.113400
v 0.998474 0.736895 0.086600
v 0.991019 0.742228 0.061417
v 0.977008 0.752251 0.040887
v 0.958132 0.765755 0.027487
v 0.936667 0.781111 0.022833
v 1.040000 0.940000 0.032800
v 1.020732 0.952531 0.036853
v 1.003789 0.963550 0.048522
v 0.991213 0.971729 0.066400
v 0.984521 0.976080 0.088331
v 0.984521 0.976080 0.111669
v 0.991213 0.971729 0.133600
v 1.003789 0.963550 0.151478
v 1.020732 0.952531 0.163147
v 1.040000 0.940000 0.167200
v 1.059268 0.927469 0.163147
v 1.076211 0.916450 0.151478
v 1.088787 0.908271 0.133600
v 1.095479 0.903920 0.111669
v 1.095479 0.903920 0.088331
v 1.088787 0.908271 0.066400
v 1.076211 0.916450 0.048522
v 1.059268 0.927469 0.036853
v 1.040000 0.940000 0.032800
v 0.420000 0.420000 0.100000
v 1.040000 0.940000 0.100000
v -0.453154 0.186544 0.000000
v -0.455764 0.193003 0.026000
v -0.462894 0.210651 0.045033
v -0.472634 0.234757 0.052000
v -0.482374 0.258864 0.045033
v -0.489504 0.276512 0.026000
v -0.492113 0.282971 0.000000
v -0.489504 0.276512 -0.026000
v -0.482374 0.258864 -0.045033
v -0.472634 0.234757 -0.052000
v -0.462894 0.210651 -0.045033
v -0.455764 0.193003 -0.026000
v -0.453154 0.186544 -0.000000
v -0.414870 0.204470 0.000000
v -0.418160 0.210611 0.026000
v -0.427149 0.227388 0.045033
v -0.439428 0.250306 0.052000
v -0.451707 0.273224 0.045033
v -0.460696 0.290001 0.026000
v -0.463986 0.296141 0.000000
v -0.460696 0.290001 -0.026000
v -0.451707 0.273224 -0.045033
v -0.439428 0.250306 -0.052000
v -0.427149 0.227388 -0.045033
v -0.418160 0.210611 -0.026000
v -0.414870 0.204470 -0.000000
v -0.378738 0.226415 0.000000
v -0.382671 0.232166 0.026000
v -0.393414 0.247877 0.045033
v -0.408089 0.269340 0.052000
v -0.422765 0.290802 0.045033
v -0.433508 0.306513 0.026000
v -0.437440 0.312264 0.000000
v -0.433508 0.306513 -0.026000
v -0.422765 0.290802 -0.045033
v -0.408089 0.269340 -0.052000
v -0.393414 0.247877 -0.045033
v -0.382671 0.232166 -0.026000
v -0.378738 0.226415 -0.000000
v -0.345180 0.252123 0.000000
v -0.349709 0.257417 0.026000
v -0.362081 0.271880 0.045033
v -0.378983 0.291637 0.052000
v -0.395884 0.311394 0.045033
v -0.408257 0.325858 0.026000
v -0.412785 0.331152 0.000000
v -0.408257 0.325858 -0.026000
v -0.395884 0.311394 -0.045033
v -0.378983 0.291637 -0.052000
v -0.362081 0.271880 -0.045033
v -0.349709 0.257417 -0.026000
v -0.345180 0.252123 -0.000000
v -0.314585 0.281295 0.000000
v -0.319658 0.286070 0.026000
v -0.333516 0.299117 0.045033
v -0.352446 0.316940 0.052000
v -0.371377 0.334762 0.045033
v -0.385235 0.347809 0.026000
v -0.390307 0.352584 0.000000
v -0.385235 0.347809 -0.026000
v -0.371377 0.334762 -0.045033
v -0.352446 0.316940 -0.052000
v -0.333516 0.299117 -0.045033
v -0.319658 0.286070 -0.026000
v -0.314585 0.281295 -0.000000
v -0.287310 0.313592 0.000000
v -0.292867 0.317794 0.026000
v -0.308049 0.329272 0.045033
v -0.328789 0.344952 0.052000
v -0.349529 0.360632 0.045033
v -0.364711 0.372111 0.026000
v -0.370268 0.376313 0.000000
v -0.364711 0.372111 -0.026000
v -0.349529 0.360632 -0.045033
v -0.328789 0.344952 -0.052000
v -0.308049 0.329272 -0.045033
v -0.292867 0.317794 -0.026000
v -0.287310 0.313592 -0.000000
v -0.263671 0.348638 0.000000
v -0.269648 0.352217 0.026000
v -0.285978 0.361994 0.045033
v -0.308286 0.375350 0.052000
v -0.330593 0.388705 0.045033
v -0.346923 0.398482 0.026000
v -0.352901 0.402061 0.000000
v -0.346923 0.398482 -0.026000
v -0.330593 0.388705 -0.045033
v -0.308286 0.375350 -0.052000
v -0.285978 0.361994 -0.045033
v -0.269648 0.352217 -0.026000
v -0.263671 0.348638 -0.000000
v -0.243943 0.386027 0.000000
v -0.250271 0.388941 0.026000
v -0.267559 0.396902 0.045033
v -0.291175 0.407778 0.052000
v -0.314791 0.418654 0.045033
v -0.332079 0.426616 0.026000
v -0.338407 0.429530 0.000000
v -0.332079 0.426616 -0.026000
v -0.314791 0.418654 -0.045033
v -0.291175 0.407778 -0.052000
v -0.267559 0.396902 -0.045033
v -0.250271 0.388941 -0.026000
v -0.243943 0.386027 -0.000000
v -0.228356 0.425322 0.000000
v -0.234961 0.427537 0.026000
v -0.253006 0.433591 0.045033
v -0.277656 0.441861 0.052000
v -0.302306 0.450130 0.045033
v -0.320350 0.456184 0.026000
v -0.326955 0.458400 0.000000
v -0.320350 0.456184 -0.026000
v -0.302306 0.450130 -0.045033
v -0.277656 0.441861 -0.052000
v -0.253006 0.433591 -0.045033
v -0.234961 0.427537 -0.026000
v -0.228356 0.425322 -0.000000
v -0.217091 0.466067 0.000000
v -0.223896 0.467558 0.026000
v -0.242488 0.471634 0.045033
v -0.267885 0.477201 0.052000
v -0.293282 0.482768 0.045033
v -0.311874 0.486843 0.026000
v -0.318679 0.488335 0.000000
v -0.311874 0.486843 -0.026000
v -0.293282 0.482768 -0.045033
v -0.267885 0.477201 -0.052000
v -0.242488 0.471634 -0.045033
v -0.223896 0.467558 -0.026000
v -0.217091 0.466067 -0.000000
v -0.210279 0.507788 0.000000
v -0.217206 0.508538 0.026000
v -0.236128 0.510588 0.045033
v -0.261977 0.513387 0.052000
v -0.287826 0.516187 0.045033
v -0.306748 0.518237 0.026000
v -0.313675 0.518987 0.000000
v -0.306748 0.518237 -0.026000
v -0.287826 0.516187 -0.045033
v -0.261977 0.513387 -0.052000
v -0.236128 0.510588 -0.045033
v -0.217206 0.508538 -0.026000
v -0.210279 0.507788 -0.000000
v -0.208000 0.550000 0.000000
v -0.214967 0.550000 0.026000
v -0.234000 0.550000 0.045033
v -0.260000 0.550000 0.052000
v -0.286000 0.550000 0.045033
v -0.305033 0.550000 0.026000
v -0.312000 0.550000 0.000000
v -0.305033 0.550000 -0.026000
v -0.286000 0.550000 -0.045033
v -0.260000 0.550000 -0.052000
v -0.234000 0.550000 -0.045033
v -0.214967 0.550000 -0.026000
v -0.208000 0.550000 -0.000000
v -0.210279 0.592212 0.000000
v -0.217206 0.591462 0.026000
v -0.236128 0.589412 0.045033
v -0.261977 0.586613 0.052000
v -0.287826 0.583813 0.045033
v -0.306748 0.581763 0.026000
v -0.313675 0.581013 0.000000
v -0.306748 0.581763 -0.026000
v -0.287826 0.583813 -0.045033
v -0.261977 0.586613 -0.052000
v -0.236128 0.589412 -0.045033
v -0.217206 0.591462 -0.026000
v -0.210279 0.592212 -0.000000
v -0.217091 0.633933 0.000000
v -0.223896 0.632442 0.026000
v -0.242488 0.628366 0.045033
v -0.267885 0.622799 0.052000
v -0.293282 0.617232 0.045033
v -0.311874 0.613157 0.026000
v -0.318679 0.611665 0.000000
v -0.311874 0.613157 -0.026000
v -0.293282 0.617232 -0.045033
v -0.267885 0.622799 -0.052000
v -0.242488 0.628366 -0.045033
v -0.223896 0.632442 -0.026000
v -0.217091 0.633933 -0.000000
v -0.228356 0.674678 0.000000
v -0.234961 0.672463 0.026000
v -0.253006 0.666409 0.045033
v -0.277656 0.658139 0.052000
v -0.302306 0.649870 0.045033
v -0.320350 0.643816 0.026000
v -0.326955 0.641600 0.000000
v -0.320350 0.643816 -0.026000
v -0.302306 0.649870 -0.045033
v -0.277656 0.658139 -0.052000
v -0.253006 0.666409 -0.045033
v -0.234961 0.672463 -0.026000
v -0.228356 0.674678 -0.000000
v -0.243943 0.713973 0.000000
v -0.250271 0.711059 0.026000
v -0.267559 0.703098 0.045033
v -0.291175 0.692222 0.052000
v -0.314791 0.681346 0.045033
v -0.332079 0.673384 0.026000
v -0.338407 0.670470 0.000000
v -0.332079 0.673384 -0.026000
v -0.314791 0.681346 -0.045033
v -0.291175 0.692222 -0.052000
v -0.267559 0.703098 -0.045033
v -0.250271 0.711059 -0.026000
v -0.243943 0.713973 -0.000000
v -0.263671 0.751362 0.000000
v -0.269648 0.747783 0.026000
v -0.285978 0.738006 0.045033
v -0.308286 0.724650 0.052000
v -0.330593 0.711295 0.045033
v -0.346923 0.701518 0.026000
v -0.352901 0.697939 0.000000
v -0.346923 0.701518 -0.026000
v -0.330593 0.711295 -0.045033
v -0.308286 0.724650 -0.052000
v -0.285978 0.738006 -0.045033
v -0.269648 0.747783 -0.026000
v -0.263671 0.751362 -0.000000
v -0.287310 0.786408 0.000000
v -0.292867 0.782206 0.026000
v -0.308049 0.770728 0.045033
v -0.328789 0.755048 0.052000
v -0.349529 0.739368 0.045033
v -0.364711 0.727889 0.026000
v -0.370268 0.723687 0.000000
v -0.364711 0.727889 -0.026000
v -0.349529 0.739368 -0.045033
v -0.328789 0.755048 -0.052000
v -0.308049 0.770728 -0.045033
v -0.292867 0.782206 -0.026000
v -0.287310 0.786408 -0.000000
v -0.314585 0.818705 0.000000
v -0.319658 0.813930 0.026000
v -0.333516 0.800883 0.045033
v -0.352446 0.783060 0.052000
v -0.371377 0.765238 0.045033
v -0.385235 0.752191 0.026000
v -0.390307 0.747416 0.000000
v -0.385235 0.752191 -0.026000
v -0.371377 0.765238 -0.045033
v -0.352446 0.783060 -0.052000
v -0.333516 0.800883 -0.045033
v -0.319658 0.813930 -0.026000
v -0.314585 0.818705 -0.000000
v -0.345180 0.847877 0.000000
v -0.349709 0.842583 0.026000
v -0.362081 0.828120 0.045033
v -0.378983 0.808363 0.052000
v -0.395884 0.788606 0.045033
v -0.408257 0.774142 0.026000
v -0.412785 0.768848 0.000000
v -0.408257 0.774142 -0.026000
v -0.395884 0.788606 -0.045033
v -0.378983 0.808363 -0.052000
v -0.362081 0.828120 -0.045033
v -0.349709 0.842583 -0.026000
v -0.345180 0.847877 -0.000000
v -0.378738 0.873585 0.000000
v -0.382671 0.867834 0.026000
v -0.393414 0.852123 0.045033
v -0.408089 0.830660 0.052000
v -0.422765 0.809198 0.045033
v -0.433508 0.793487 0.026000
v -0.437440 0.787736 0.000000
v -0.433508 0.793487 -0.026000
v -0.422765 0.809198 -0.045033
v -0.408089 0.830660 -0.052000
v -0.393414 0.852123 -0.045033
v -0.382671 0.867834 -0.026000
v -0.378738 0.873585 -0.000000
v -0.414870 0.895530 0.000000
v -0.418160 0.889389 0.026000
v -0.427149 0.872612 0.045033
v -0.439428 0.849694 0.052000
v -0.451707 0.826776 0.045033
v -0.460696 0.809999 0.026000
v -0.463986 0.803859 0.000000
v -0.460696 0.809999 -0.026000
v -0.451707 0.826776 -0.045033
v -0.439428 0.849694 -0.052000
v -0.427149 0.872612 -0.045033
v -0.418160 0.889389 -0.026000
v -0.414870 0.895530 -0.000000
v -0.453154 0.913456 0.000000
v -0.455764 0.906997 0.026000
v -0.462894 0.889349 0.045033
v -0.472634 0.865243 0.052000
v -0.482374 0.841136 0.045033
v -0.489504 0.823488 0.026000
v -0.492113 0.817029 0.000000
v -0.489504 0.823488 -0.026000
v -0.482374 0.841136 -0.045033
v -0.472634 0.865243 -0.052000
v -0.462894 0.889349 -0.045033
v -0.455764 0.906997 -0.026000
v -0.453154 0.913456 -0.000000
vt 0.000000 1.000000
vt 0.031250 1.000000
vt 0.062500 1.000000
vt 0.093750 1.000000
vt 0.125000 1.000000
vt 0.156250 1.000000
vt 0.187500 1.000000
vt 0.218750 1.000000
vt 0.250000 1.000000
vt 0.281250 1.000000
vt 0.312500 1.000000
vt 0.343750 1.000000
vt 0.375000 1.000000
vt 0.406250 1.000000
vt 0.437500 1.000000
vt 0.468750 1.000000
vt 0.500000 1.000000
vt 0.531250 1.000000
vt 0.562500 1.000000
vt 0.593750 1.000000
vt 0.625000 1.000000
vt 0.656250 1.000000
vt 0.687500 1.000000
vt 0.718750 1.000000
vt 0.750000 1.000000
vt 0.781250 1.000000
vt 0.812500 1.000000
vt 0.843750 1.000000
vt 0.875000 1.000000
vt 0.906250 1.000000
vt 0.937500 1.000000
vt 0.968750 1.000000
vt 1.000000 1.000000
vt 0.000000 0.950000
vt 0.031250 0.950000
vt 0.062500 0.950000
vt 0.093750 0.950000
vt 0.125000 0.950000
vt 0.156250 0.950000
vt 0.187500 0.950000
vt 0.218750 0.950000
vt 0.250000 0.950000
vt 0.281250 0.950000
vt 0.312500 0.950000
vt 0.343750 0.950000
vt 0.375000 0.950000
vt 0.406250 0.950000
vt 0.437500 0.950000
vt 0.468750 0.950000
vt 0.500000 0.950000
vt 0.531250 0.950000
vt 0.562500 0.950000
vt 0.593750 0.950000
vt 0.625000 0.950000
vt 0.656250 0.950000
vt 0.687500 0.950000
vt 0.718750 0.950000
vt 0.750000 0.950000
vt 0.781250 0.950000
vt 0.812500 0.950000
vt 0.843750 0.950000
vt 0.875000 0.950000
vt 0.906250 0.950000
vt 0.937500 0.950000
vt 0.968750 0.950000
vt 1.000000 0.950000
vt 0.000000 0.900000
vt 0.031250 0.900000
vt 0.062500 0.900000
vt 0.093750 0.900000
vt 0.125000 0.900000
vt 0.156250 0.900000
vt 0.187500 0.900000
vt 0.218750 0.900000
vt 0.250000 0.900000
vt 0.281250 0.900000
vt 0.312500 0.900000
vt 0.343750 0.900000
vt 0.375000 0.900000
vt 0.406250 0.900000
vt 0.437500 0.900000
vt 0.468750 0.900000
vt 0.500000 0.900000
vt 0.531250 0.900000
vt 0.562500 0.900000
vt 0.593750 0.900000
vt 0.625000 0.900000
vt 0.656250 0.900000
vt 0.687500 0.900000
vt 0.718750 0.900000
vt 0.750000 0.900000
vt 0.781250 0.900000
vt 0.812500 0.900000
vt 0.843750 0.900000
vt 0.875000 0.900000
vt 0.906250 0.900000
vt 0.937500 0.900000
vt 0.968750 0.900000
vt 1.000000 0.900000
vt 0.000000 0.850000
vt 0.031250 0.850000
vt 0.062500 0.850000
vt 0.093750 0.850000
vt 0.125000 0.850000
vt 0.156250 0.850000
vt 0.187500 0.850000
vt 0.218750 0.850000
vt 0.250000 0.850000
vt 0.281250 0.850000
vt 0.312500 0.850000
vt 0.343750 0.850000
vt 0.375000 0.850000
vt 0.406250 0.850000
vt 0.437500 0.850000
vt 0.468750 0.850000
vt 0.500000 0.850000
vt 0.531250 0.850000
vt 0.562500 0.850000
vt 0.593750 0.850000
vt 0.625000 0.850000
vt 0.656250 0.850000
vt 0.687500 0.850000
vt 0.718750 0.850000
vt 0.750000 0.850000
vt 0.781250 0.850000
vt 0.812500 0.850000
vt 0.843750 0.850000
vt 0.875000 0.850000
vt 0.906250 0.850000
vt 0.937500 0.850000
vt 0.968750 0.850000
vt 1.000000 0.850000
vt 0.000000 0.800000
vt 0.031250 0.800000
vt 0.062500 0.800000
vt 0.093750 0.800000
vt 0.125000 0.800000
vt 0.156250 0.800000
vt 0.187500 0.800000
vt 0.218750 0.800000
vt 0.250000 0.800000
vt 0.281250 0.800000
vt 0.312500 0.800000
vt 0.343750 0.800000
vt 0.375000 0.800000
vt 0.406250 0.800000
vt 0.437500 0.800000
vt 0.468750 0.800000
vt 0.500000 0.800000
vt 0.531250 0.800000
vt 0.562500 0.800000
vt 0.593750 0.800000
vt 0.625000 0.800000
vt 0.656250 0.800000
vt 0.687500 0.800000
vt 0.718750 0.800000
vt 0.750000 0.800000
vt 0.781250 0.800000
vt 0.812500 0.800000
vt 0.843750 0.800000
vt 0.875000 0.800000
vt 0.906250 0.800000
vt 0.937500 0.800000
vt 0.968750 0.800000
vt 1.000000 0.800000
vt 0.000000 0.750000
vt 0.031250 0.750000
vt 0.062500 0.750000
vt 0.093750 0.750000
vt 0.125000 0.750000
vt 0.156250 0.750000
vt 0.187500 0.750000
vt 0.218750 0.750000
vt 0.250000 0.750000
vt 0.281250 0.750000
vt 0.312500 0.750000
vt 0.343750 0.750000
vt 0.375000 0.750000
vt 0.406250 0.750000
vt 0.437500 0.750000
vt 0.468750 0.750000
vt 0.500000 0.750000
vt 0.531250 0.750000
vt 0.562500 0.750000
vt 0.593750 0.750000
vt 0.625000 0.750000
vt 0.656250 0.750000
vt 0.687500 0.750000
vt 0.718750 0.750000
vt 0.750000 0.750000
vt 0.781250 0.750000
vt 0.812500 0.750000
vt 0.843750 0.750000
vt 0.875000 0.750000
vt 0.906250 0.750000
vt 0.937500 0.750000
vt 0.968750 0.750000
vt 1.000000 0.750000
vt 0.000000 0.700000
vt 0.031250 0.700000
vt 0.062500 0.700000
vt 0.093750 0.700000
vt 0.125000 0.700000
vt 0.156250 0.700000
vt 0.187500 0.700000
vt 0.218750 0.700000
vt 0.250000 0.700000
vt 0.281250 0.700000
vt 0.312500 0.700000
vt 0.343750 0.700000
vt 0.375000 0.700000
vt 0.406250 0.700000
vt 0.437500 0.700000
vt 0.468750 0.700000
vt 0.500000 0.700000
vt 0.531250 0.700000
vt 0.562500 0.700000
vt 0.593750 0.700000
vt 0.625000 0.700000
vt 0.656250 0.700000
vt 0.687500 0.700000
vt 0.718750 0.700000
vt 0.750000 0.700000
vt 0.781250 0.700000
vt 0.812500 0.700000
vt 0.843750 0.700000
vt 0.875000 0.700000
vt 0.906250 0.700000
vt 0.937500 0.700000
vt 0.968750 0.700000
vt 1.000000 0.700000
vt 0.000000 0.650000
vt 0.031250 0.650000
vt 0.062500 0.650000
vt 0.093750 0.650000
vt 0.125000 0.650000
vt 0.156250 0.650000
vt 0.187500 0.650000
vt 0.218750 0.650000
vt 0.250000 0.650000
vt 0.281250 0.650000
vt 0.312500 0.650000
vt 0.343750 0.650000
vt 0.375000 0.650000
vt 0.406250 0.650000
vt 0.437500 0.650000
vt 0.468750 0.650000
vt 0.500000 0.650000
vt 0.531250 0.650000
vt 0.562500 0.650000
vt 0.593750 0.650000
vt 0.625000 0.650000
vt 0.656250 0.650000
vt 0.687500 0.650000
vt 0.718750 0.650000
vt 0.750000 0.650000
vt 0.781250 0.650000
vt 0.812500 0.650000
vt 0.843750 0.650000
vt 0.875000 0.650000
vt 0.906250 0.650000
vt 0.937500 0.650000
vt 0.968750 0.650000
vt 1.000000 0.650000
vt 0.000000 0.600000
vt 0.031250 0.600000
vt 0.062500 0.600000
vt 0.093750 0.600000
vt 0.125000 0.600000
vt 0.156250 0.600000
vt 0.187500 0.600000
vt 0.218750 0.600000
vt 0.250000 0.600000
vt 0.281250 0.600000
vt 0.312500 0.600000
vt 0.343750 0.600000
vt 0.375000 0.600000
vt 0.406250 0.600000
vt 0.437500 0.600000
vt 0.468750 0.600000
vt 0.500000 0.600000
vt 0.531250 0.600000
vt 0.562500 0.600000
vt 0.593750 0.600000
vt 0.625000 0.600000
vt 0.656250 0.600000
vt 0.687500 0.600000
vt 0.718750 0.600000
vt 0.750000 0.600000
vt 0.781250 0.600000
vt 0.812500 0.600000
vt 0.843750 0.600000
vt 0.875000 0.600000
vt 0.906250 0.600000
vt 0.937500 0.600000
vt 0.968750 0.600000
vt 1.000000 0.600000
vt 0.000000 0.550000
vt 0.031250 0.550000
vt 0.062500 0.550000
vt 0.093750 0.550000
vt 0.125000 0.550000
vt 0.156250 0.550000
vt 0.187500 0.550000
vt 0.218750 0.550000
vt 0.250000 0.550000
vt 0.281250 0.550000
vt 0.312500 0.550000
vt 0.343750 0.550000
vt 0.375000 0.550000
vt 0.406250 0.550000
vt 0.437500 0.550000
vt 0.468750 0.550000
vt 0.500000 0.550000
vt 0.531250 0.550000
vt 0.562500 0.550000
vt 0.593750 0.550000
vt 0.625000 0.550000
vt 0.656250 0.550000
vt 0.687500 0.550000
vt 0.718750 0.550000
vt 0.750000 0.550000
vt 0.781250 0.550000
vt 0.812500 0.550000
vt 0.843750 0.550000
vt 0.875000 0.550000
vt 0.906250 0.550000
vt 0.937500 0.550000
vt 0.968750 0.550000
vt 1.000000 0.550000
vt 0.000000 0.500000
vt 0.031250 0.500000
vt 0.062500 0.500000
vt 0.093750 0.500000
vt 0.125000 0.500000
vt 0.156250 0.500000
vt 0.187500 0.500000
vt 0.218750 0.500000
vt 0.250000 0.500000
vt 0.281250 0.500000
vt 0.312500 0.500000
vt 0.343750 0.500000
vt 0.375000 0.500000
vt 0.406250 0.500000
vt 0.437500 0.500000
vt 0.468750 0.500000
vt 0.500000 0.500000
vt 0.531250 0.500000
vt 0.562500 0.500000
vt 0.593750 0.500000
vt 0.625000 0.500000
vt 0.656250 0.500000
vt 0.687500 0.500000
vt 0.718750 0.500000
vt 0.750000 0.500000
vt 0.781250 0.500000
vt 0.812500 0.500000
vt 0.843750 0.500000
vt 0.875000 0.500000
vt 0.906250 0.500000
vt 0.937500 0.500000
vt 0.968750 0.500000
vt 1.000000 0.500000
vt 0.000000 0.450000
vt 0.031250 0.450000
vt 0.062500 0.450000
vt 0.093750 0.450000
vt 0.125000 0.450000
vt 0.156250 0.450000
vt 0.187500 0.450000
vt 0.218750 0.450000
vt 0.250000 0.450000
vt 0.281250 0.450000
vt 0.312500 0.450000
vt 0.343750 0.450000
vt 0.375000 0.450000
vt 0.406250 0.450000
vt 0.437500 0.450000
vt 0.468750 0.450000
vt 0.500000 0.450000
vt 0.531250 0.450000
vt 0.562500 0.450000
vt 0.593750 0.450000
vt 0.625000 0.450000
vt 0.656250 0.450000
vt 0.687500 0.450000
vt 0.718750 0.450000
vt 0.750000 0.450000
vt 0.781250 0.450000
vt 0.812500 0.450000
vt 0.843750 0.450000
vt 0.875000 0.450000
vt 0.906250 0.450000
vt 0.937500 0.450000
vt 0.968750 0.450000
vt 1.000000 0.450000
vt 0.000000 0.400000
vt 0.031250 0.400000
vt 0.062500 0.400000
vt 0.093750 0.400000
vt 0.125000 0.400000
vt 0.156250 0.400000
vt 0.187500 0.400000
vt 0.218750 0.400000
vt 0.250000 0.400000
vt 0.281250 0.400000
vt 0.312500 0.400000
vt 0.343750 0.400000
vt 0.375000 0.400000
vt 0.406250 0.400000
vt 0.437500 0.400000
vt 0.468750 0.400000
vt 0.500000 0.400000
vt 0.531250 0.400000
vt 0.562500 0.400000
vt 0.593750 0.400000
vt 0.625000 0.400000
vt 0.656250 0.400000
vt 0.687500 0.400000
vt 0.718750 0.400000
vt 0.750000 0.400000
vt 0.781250 0.400000
vt 0.812500 0.400000
vt 0.843750 0.400000
vt 0.875000 0.400000
vt 0.906250 0.400000
vt 0.937500 0.400000
vt 0.968750 0.400000
vt 1.000000 0.400000
vt 0.000000 0.350000
vt 0.031250 0.350000
vt 0.062500 0.350000
vt 0.093750 0.350000
vt 0.125000 0.350000
vt 0.156250 0.350000
vt 0.187500 0.350000
vt 0.218750 0.350000
vt 0.250000 0.350000
vt 0.281250 0.350000
vt 0.312500 0.350000
vt 0.343750 0.350000
vt 0.375000 0.350000
vt 0.406250 0.350000
vt 0.437500 0.350000
vt 0.468750 0.350000
vt 0.500000 0.350000
vt 0.531250 0.350000
vt 0.562500 0.350000
vt 0.593750 0.350000
vt 0.625000 0.350000
vt 0.656250 0.350000
vt 0.687500 0.350000
vt 0.718750 0.350000
vt 0.750000 0.350000
vt 0.781250 0.350000
vt 0.812500 0.350000
vt 0.843750 0.350000
vt 0.875000 0.350000
vt 0.906250 0.350000
vt 0.937500 0.350000
vt 0.968750 0.350000
vt 1.000000 0.350000
vt 0.000000 0.300000
vt 0.031250 0.300000
vt 0.062500 0.300000
vt 0.093750 0.300000
vt 0.125000 0.300000
vt 0.156250 0.300000
vt 0.187500 0.300000
vt 0.218750 0.300000
vt 0.250000 0.300000
vt 0.281250 0.300000
vt 0.312500 0.300000
vt 0.343750 0.300000
vt 0.375000 0.300000
vt 0.406250 0.300000
vt 0.437500 0.300000
vt 0.468750 0.300000
vt 0.500000 0.300000
vt 0.531250 0.300000
vt 0.562500 0.300000
vt 0.593750 0.300000
vt 0.625000 0.300000
vt 0.656250 0.300000
vt 0.687500 0.300000
vt 0.718750 0.300000
vt 0.750000 0.300000
vt 0.781250 0.300000
vt 0.812500 0.300000
vt 0.843750 0.300000
vt 0.875000 0.300000
vt 0.906250 0.300000
vt 0.937500 0.300000
vt 0.968750 0.300000
vt 1.000000 0.300000
vt 0.000000 0.250000
vt 0.031250 0.250000
vt 0.062500 0.250000
vt 0.093750 0.250000
vt 0.125000 0.250000
vt 0.156250 0.250000
vt 0.187500 0.250000
vt 0.218750 0.250000
vt 0.250000 0.250000
vt 0.281250 0.250000
vt 0.312500 0.250000
vt 0.343750 0.250000
vt 0.375000 0.250000
vt 0.406250 0.250000
vt 0.437500 0.250000
vt 0.468750 0.250000
vt 0.500000 0.250000
vt 0.531250 0.250000
vt 0.562500 0.250000
vt 0.593750 0.250000
vt 0.625000 0.250000
vt 0.656250 0.250000
vt 0.687500 0.250000
vt 0.718750 0.250000
vt 0.750000 0.250000
vt 0.781250 0.250000
vt 0.812500 0.250000
vt 0.843750 0.250000
vt 0.875000 0.250000
vt 0.906250 0.250000
vt 0.937500 0.250000
vt 0.968750 0.250000
vt 1.000000 0.250000
vt 0.000000 0.200000
vt 0.031250 0.200000
vt 0.062500 0.200000
vt 0.093750 0.200000
vt 0.125000 0.200000
vt 0.156250 0.200000
vt 0.187500 0.200000
vt 0.218750 0.200000
vt 0.250000 0.200000
vt 0.281250 0.200000
vt 0.312500 0.200000
vt 0.343750 0.200000
vt 0.375000 0.200000
vt 0.406250 0.200000
vt 0.437500 0.200000
vt 0.468750 0.200000
vt 0.500000 0.200000
vt 0.531250 0.200000
vt 0.562500 0.200000
vt 0.593750 0.200000
vt 0.625000 0.200000
vt 0.656250 0.200000
vt 0.687500 0.200000
vt 0.718750 0.200000
vt 0.750000 0.200000
vt 0.781250 0.200000
vt 0.812500 0.200000
vt 0.843750 0.200000
vt 0.875000 0.200000
vt 0.906250 0.200000
vt 0.937500 0.200000
vt 0.968750 0.200000
vt 1.000000 0.200000
vt 0.000000 0.150000
vt 0.031250 0.150000
vt 0.062500 0.150000
vt 0.093750 0.150000
vt 0.125000 0.150000
vt 0.156250 0.150000
vt 0.187500 0.150000
vt 0.218750 0.150000
vt 0.250000 0.150000
vt 0.281250 0.150000
vt 0.312500 0.150000
vt 0.343750 0.150000
vt 0.375000 0.150000
vt 0.406250 0.150000
vt 0.437500 0.150000
vt 0.468750 0.150000
vt 0.500000 0.150000
vt 0.531250 0.150000
vt 0.562500 0.150000
vt 0.593750 0.150000
vt 0.625000 0.150000
vt 0.656250 0.150000
vt 0.687500 0.150000
vt 0.718750 0.150000
vt 0.750000 0.150000
vt 0.781250 0.150000
vt 0.812500 0.150000
vt 0.843750 0.150000
vt 0.875000 0.150000
vt 0.906250 0.150000
vt 0.937500 0.150000
vt 0.968750 0.150000
vt 1.000000 0.150000
vt 0.000000 0.100000
vt 0.031250 0.100000
vt 0.062500 0.100000
vt 0.093750 0.100000
vt 0.125000 0.100000
vt 0.156250 0.100000
vt 0.187500 0.100000
vt 0.218750 0.100000
vt 0.250000 0.100000
vt 0.281250 0.100000
vt 0.312500 0.100000
vt 0.343750 0.100000
vt 0.375000 0.100000
vt 0.406250 0.100000
vt 0.437500 0.100000
vt 0.468750 0.100000
vt 0.500000 0.100000
vt 0.531250 0.100000
vt 0.562500 0.100000
vt 0.593750 0.100000
vt 0.625000 0.100000
vt 0.656250 0.100000
vt 0.687500 0.100000
vt 0.718750 0.100000
vt 0.750000 0.100000
vt 0.781250 0.100000
vt 0.812500 0.100000
vt 0.843750 0.100000
vt 0.875000 0.100000
vt 0.906250 0.100000
vt 0.937500 0.100000
vt 0.968750 0.100000
vt 1.000000 0.100000
vt 0.000000 0.050000
vt 0.031250 0.050000
vt 0.062500 0.050000
vt 0.093750 0.050000
vt 0.125000 0.050000
vt 0.156250 0.050000
vt 0.187500 0.050000
vt 0.218750 0.050000
vt 0.250000 0.050000
vt 0.281250 0.050000
vt 0.312500 0.050000
vt 0.343750 0.050000
vt 0.375000 0.050000
vt 0.406250 0.050000
vt 0.437500 0.050000
vt 0.468750 0.050000
vt 0.500000 0.050000
vt 0.531250 0.050000
vt 0.562500 0.050000
vt 0.593750 0.050000
vt 0.625000 0.050000
vt 0.656250 0.050000
vt 0.687500 0.050000
vt 0.718750 0.050000
vt 0.750000 0.050000
vt 0.781250 0.050000
vt 0.812500 0.050000
vt 0.843750 0.050000
vt 0.875000 0.050000
vt 0.906250 0.050000
vt 0.937500 0.050000
vt 0.968750 0.050000
vt 1.000000 0.050000
vt 0.000000 0.000000
vt 0.031250 0.000000
vt 0.062500 0.000000
vt 0.093750 0.000000
vt 0.125000 0.000000
vt 0.156250 0.000000
vt 0.187500 0.000000
vt 0.218750 0.000000
vt 0.250000 0.000000
vt 0.281250 0.000000
vt 0.312500 0.000000
vt 0.343750 0.000000
vt 0.375000 0.000000
vt 0.406250 0.000000
vt 0.437500 0.000000
vt 0.468750 0.000000
vt 0.500000 0.000000
vt 0.531250 0.000000
vt 0.562500 0.000000
vt 0.593750 0.000000
vt 0.625000 0.000000
vt 0.656250 0.000000
vt 0.687500 0.000000
vt 0.718750 0.000000
vt 0.750000 0.000000
vt 0.781250 0.000000
vt 0.812500 0.000000
vt 0.843750 0.000000
vt 0.875000 0.000000
vt 0.906250 0.000000
vt 0.937500 0.000000
vt 0.968750 0.000000
vt 1.000000 0.000000
vt 0.000000 1.000000
vt 0.035714 1.000000
vt 0.071429 1.000000
vt 0.107143 1.000000
vt 0.142857 1.000000
vt 0.178571 1.000000
vt 0.214286 1.000000
vt 0.250000 1.000000
vt 0.285714 1.000000
vt 0.321429 1.000000
vt 0.357143 1.000000
vt 0.392857 1.000000
vt 0.428571 1.000000
vt 0.464286 1.000000
vt 0.500000 1.000000
vt 0.535714 1.000000
vt 0.571429 1.000000
vt 0.607143 1.000000
vt 0.642857 1.000000
vt 0.678571 1.000000
vt 0.714286 1.000000
vt 0.750000 1.000000
vt 0.785714 1.000000
vt 0.821429 1.000000
vt 0.857143 1.000000
vt 0.892857 1.000000
vt 0.928571 1.000000
vt 0.964286 1.000000
vt 1.000000 1.000000
vt 0.000000 0.938000
vt 0.035714 0.938000
vt 0.071429 0.938000
vt 0.107143 0.938000
vt 0.142857 0.938000
vt 0.178571 0.938000
vt 0.214286 0.938000
vt 0.250000 0.938000
vt 0.285714 0.938000
vt 0.321429 0.938000
vt 0.357143 0.938000
vt 0.392857 0.938000
vt 0.428571 0.938000
vt 0.464286 0.938000
vt 0.500000 0.938000
vt 0.535714 0.938000
vt 0.571429 0.938000
vt 0.607143 0.938000
vt 0.642857 0.938000
vt 0.678571 0.938000
vt 0.714286 0.938000
vt 0.750000 0.938000
vt 0.785714 0.938000
vt 0.821429 0.938000
vt 0.857143 0.938000
vt 0.892857 0.938000
vt 0.928571 0.938000
vt 0.964286 0.938000
vt 1.000000 0.938000
vt 0.000000 0.876000
vt 0.035714 0.876000
vt 0.071429 0.876000
vt 0.107143 0.876000
vt 0.142857 0.876000
vt 0.178571 0.876000
vt 0.214286 0.876000
vt 0.250000 0.876000
vt 0.285714 0.876000
vt 0.321429 0.876000
vt 0.357143 0.876000
vt 0.392857 0.876000
vt 0.428571 0.876000
vt 0.464286 0.876000
vt 0.500000 0.876000
vt 0.535714 0.876000
vt 0.571429 0.876000
vt 0.607143 0.876000
vt 0.642857 0.876000
vt 0.678571 0.876000
vt 0.714286 0.876000
vt 0.750000 0.876000
vt 0.785714 0.876000
vt 0.821429 0.876000
vt 0.857143 0.876000
vt 0.892857 0.876000
vt 0.928571 0.876000
vt 0.964286 0.876000
vt 1.000000 0.876000
vt 0.000000 0.814000
vt 0.035714 0.814000
vt 0.071429 0.814000
vt 0.107143 0.814000
vt 0.142857 0.814000
vt 0.178571 0.814000
vt 0.214286 0.814000
vt 0.250000 0.814000
vt 0.285714 0.814000
vt 0.321429 0.814000
vt 0.357143 0.814000
vt 0.392857 0.814000
vt 0.428571 0.814000
vt 0.464286 0.814000
vt 0.500000 0.814000
vt 0.535714 0.814000
vt 0.571429 0.814000
vt 0.607143 0.814000
vt 0.642857 0.814000
vt 0.678571 0.814000
vt 0.714286 0.814000
vt 0.750000 0.814000
vt 0.785714 0.814000
vt 0.821429 0.814000
vt 0.857143 0.814000
vt 0.892857 0.814000
vt 0.928571 0.814000
vt 0.964286 0.814000
vt 1.000000 0.814000
vt 0.000000 0.752000
vt 0.035714 0.752000
vt 0.071429 0.752000
vt 0.107143 0.752000
vt 0.142857 0.752000
vt 0.178571 0.752000
vt 0.214286 0.752000
vt 0.250000 0.752000
vt 0.285714 0.752000
vt 0.321429 0.752000
vt 0.357143 0.752000
vt 0.392857 0.752000
vt 0.428571 0.752000
vt 0.464286 0.752000
vt 0.500000 0.752000
vt 0.535714 0.752000
vt 0.571429 0.752000
vt 0.607143 0.752000
vt 0.642857 0.752000
vt 0.678571 0.752000
vt 0.714286 0.752000
vt 0.750000 0.752000
vt 0.785714 0.752000
vt 0.821429 0.752000
vt 0.857143 0.752000
vt 0.892857 0.752000
vt 0.928571 0.752000
vt 0.964286 0.752000
vt 1.000000 0.752000
vt 0.000000 0.690000
vt 0.035714 0.690000
vt 0.071429 0.690000
vt 0.107143 0.690000
vt 0.142857 0.690000
vt 0.178571 0.690000
vt 0.214286 0.690000
vt 0.250000 0.690000
vt 0.285714 0.690000
vt 0.321429 0.690000
vt 0.357143 0.690000
vt 0.392857 0.690000
vt 0.428571 0.690000
vt 0.464286 0.690000
vt 0.500000 0.690000
vt 0.535714 0.690000
vt 0.571429 0.690000
vt 0.607143 0.690000
vt 0.642857 0.690000
vt 0.678571 0.690000
vt 0.714286 0.690000
vt 0.750000 0.690000
vt 0.785714 0.690000
vt 0.821429 0.690000
vt 0.857143 0.690000
vt 0.892857 0.690000
vt 0.928571 0.690000
vt 0.964286 0.690000
vt 1.000000 0.690000
vt 0.000000 0.628000
vt 0.035714 0.628000
vt 0.071429 0.628000
vt 0.107143 0.628000
vt 0.142857 0.628000
vt 0.178571 0.628000
vt 0.214286 0.628000
vt 0.250000 0.628000
vt 0.285714 0.628000
vt 0.321429 0.628000
vt 0.357143 0.628000
vt 0.392857 0.628000
vt 0.428571 0.628000
vt 0.464286 0.628000
vt 0.500000 0.628000
vt 0.535714 0.628000
vt 0.571429 0.628000
vt 0.607143 0.628000
vt 0.642857 0.628000
vt 0.678571 0.628000
vt 0.714286 0.628000
vt 0.750000 0.628000
vt 0.785714 0.628000
vt 0.821429 0.628000
vt 0.857143 0.628000
vt 0.892857 0.628000
vt 0.928571 0.628000
vt 0.964286 0.628000
vt 1.000000 0.628000
vt 0.000000 0.566000
vt 0.035714 0.566000
vt 0.071429 0.566000
vt 0.107143 0.566000
vt 0.142857 0.566000
vt 0.178571 0.566000
vt 0.214286 0.566000
vt 0.250000 0.566000
vt 0.285714 0.566000
vt 0.321429 0.566000
vt 0.357143 0.566000
vt 0.392857 0.566000
vt 0.428571 0.566000
vt 0.464286 0.566000
vt 0.500000 0.566000
vt 0.535714 0.566000
vt 0.571429 0.566000
vt 0.607143 0.566000
vt 0.642857 0.566000
vt 0.678571 0.566000
vt 0.714286 0.566000
vt 0.750000 0.566000
vt 0.785714 0.566000
vt 0.821429 0.566000
vt 0.857143 0.566000
vt 0.892857 0.566000
vt 0.928571 0.566000
vt 0.964286 0.566000
vt 1.000000 0.566000
vt 0.000000 0.504000
vt 0.035714 0.504000
vt 0.071429 0.504000
vt 0.107143 0.504000
vt 0.142857 0.504000
vt 0.178571 0.504000
vt 0.214286 0.504000
vt 0.250000 0.504000
vt 0.285714 0.504000
vt 0.321429 0.504000
vt 0.357143 0.504000
vt 0.392857 0.504000
vt 0.428571 0.504000
vt 0.464286 0.504000
vt 0.500000 0.504000
vt 0.535714 0.504000
vt 0.571429 0.504000
vt 0.607143 0.504000
vt 0.642857 0.504000
vt 0.678571 0.504000
vt 0.714286 0.504000
vt 0.750000 0.504000
vt 0.785714 0.504000
vt 0.821429 0.504000
vt 0.857143 0.504000
vt 0.892857 0.504000
vt 0.928571 0.504000
vt 0.964286 0.504000
vt 1.000000 0.504000
vt 0.000000 0.442000
vt 0.035714 0.442000
vt 0.071429 0.442000
vt 0.107143 0.442000
vt 0.142857 0.442000
vt 0.178571 0.442000
vt 0.214286 0.442000
vt 0.250000 0.442000
vt 0.285714 0.442000
vt 0.321429 0.442000
vt 0.357143 0.442000
vt 0.392857 0.442000
vt 0.428571 0.442000
vt 0.464286 0.442000
vt 0.500000 0.442000
vt 0.535714 0.442000
vt 0.571429 0.442000
vt 0.607143 0.442000
vt 0.642857 0.442000
vt 0.678571 0.442000
vt 0.714286 0.442000
vt 0.750000 0.442000
vt 0.785714 0.442000
vt 0.821429 0.442000
vt 0.857143 0.442000
vt 0.892857 0.442000
vt 0.928571 0.442000
vt 0.964286 0.442000
vt 1.000000 0.442000
vt 0.000000 0.380000
vt 0.035714 0.380000
vt 0.071429 0.380000
vt 0.107143 0.380000
vt 0.142857 0.380000
vt 0.178571 0.380000
vt 0.214286 0.380000
vt 0.250000 0.380000
vt 0.285714 0.380000
vt 0.321429 0.380000
vt 0.357143 0.380000
vt 0.392857 0.380000
vt 0.428571 0.380000
vt 0.464286 0.380000
vt 0.500000 0.380000
vt 0.535714 0.380000
vt 0.571429 0.380000
vt 0.607143 0.380000
vt 0.642857 0.380000
vt 0.678571 0.380000
vt 0.714286 0.380000
vt 0.750000 0.380000
vt 0.785714 0.380000
vt 0.821429 0.380000
vt 0.857143 0.380000
vt 0.892857 0.380000
vt 0.928571 0.380000
vt 0.964286 0.380000
vt 1.000000 0.380000
vt 0.000000 1.000000
vt 0.055556 1.000000
vt 0.111111 1.000000
vt 0.166667 1.000000
vt 0.222222 1.000000
vt 0.277778 1.000000
vt 0.333333 1.000000
vt 0.388889 1.000000
vt 0.444444 1.000000
vt 0.500000 1.000000
vt 0.555556 1.000000
vt 0.611111 1.000000
vt 0.666667 1.000000
vt 0.722222 1.000000
vt 0.777778 1.000000
vt 0.833333 1.000000
vt 0.888889 1.000000
vt 0.944444 1.000000
vt 1.000000 1.000000
vt 0.000000 0.916667
vt 0.055556 0.916667
vt 0.111111 0.916667
vt 0.166667 0.916667
vt 0.222222 0.916667
vt 0.277778 0.916667
vt 0.333333 0.916667
vt 0.388889 0.916667
vt 0.444444 0.916667
vt 0.500000 0.916667
vt 0.555556 0.916667
vt 0.611111 0.916667
vt 0.666667 0.916667
vt 0.722222 0.916667
vt 0.777778 0.916667
vt 0.833333 0.916667
vt 0.888889 0.916667
vt 0.944444 0.916667
vt 1.000000 0.916667
vt 0.000000 0.833333
vt 0.055556 0.833333
vt 0.111111 0.833333
vt 0.166667 0.833333
vt 0.222222 0.833333
vt 0.277778 0.833333
vt 0.333333 0.833333
vt 0.388889 0.833333
vt 0.444444 0.833333
vt 0.500000 0.833333
vt 0.555556 0.833333
vt 0.611111 0.833333
vt 0.666667 0.833333
vt 0.722222 0.833333
vt 0.777778 0.833333
vt 0.833333 0.833333
vt 0.888889 0.833333
vt 0.944444 0.833333
vt 1.000000 0.833333
vt 0.000000 0.750000
vt 0.055556 0.750000
vt 0.111111 0.750000
vt 0.166667 0.750000
vt 0.222222 0.750000
vt 0.277778 0.750000
vt 0.333333 0.750000
vt 0.388889 0.750000
vt 0.444444 0.750000
vt 0.500000 0.750000
vt 0.555556 0.750000
vt 0.611111 0.750000
vt 0.666667 0.750000
vt 0.722222 0.750000
vt 0.777778 0.750000
vt 0.833333 0.750000
vt 0.888889 0.750000
vt 0.944444 0.750000
vt 1.000000 0.750000
vt 0.000000 0.666667
vt 0.055556 0.666667
vt 0.111111 0.666667
vt 0.166667 0.666667
vt 0.222222 0.666667
vt 0.277778 0.666667
vt 0.333333 0.666667
vt 0.388889 0.666667
vt 0.444444 0.666667
vt 0.500000 0.666667
vt 0.555556 0.666667
vt 0.611111 0.666667
vt 0.666667 0.666667
vt 0.722222 0.666667
vt 0.777778 0.666667
vt 0.833333 0.666667
vt 0.888889 0.666667
vt 0.944444 0.666667
vt 1.000000 0.666667
vt 0.000000 0.583333
vt 0.055556 0.583333
vt 0.111111 0.583333
vt 0.166667 0.583333
vt 0.222222 0.583333
vt 0.277778 0.583333
vt 0.333333 0.583333
vt 0.388889 0.583333
vt 0.444444 0.583333
vt 0.500000 0.583333
vt 0.555556 0.583333
vt 0.611111 0.583333
vt 0.666667 0.583333
vt 0.722222 0.583333
vt 0.777778 0.583333
vt 0.833333 0.583333
vt 0.888889 0.583333
vt 0.944444 0.583333
vt 1.000000 0.583333
vt 0.000000 0.500000
vt 0.055556 0.500000
vt 0.111111 0.500000
vt 0.166667 0.500000
vt 0.222222 0.500000
vt 0.277778 0.500000
vt 0.333333 0.500000
vt 0.388889 0.500000
vt 0.444444 0.500000
vt 0.500000 0.500000
vt 0.555556 0.500000
vt 0.611111 0.500000
vt 0.666667 0.500000
vt 0.722222 0.500000
vt 0.777778 0.500000
vt 0.833333 0.500000
vt 0.888889 0.500000
vt 0.944444 0.500000
vt 1.000000 0.500000
vt 0.000000 0.416667
vt 0.055556 0.416667
vt 0.111111 0.416667
vt 0.166667 0.416667
vt 0.222222 0.416667
vt 0.277778 0.416667
vt 0.333333 0.416667
vt 0.388889 0.416667
vt 0.444444 0.416667
vt 0.500000 0.416667
vt 0.555556 0.416667
vt 0.611111 0.416667
vt 0.666667 0.416667
vt 0.722222 0.416667
vt 0.777778 0.416667
vt 0.833333 0.416667
vt 0.888889 0.416667
vt 0.944444 0.416667
vt 1.000000 0.416667
vt 0.000000 0.333333
vt 0.055556 0.333333
vt 0.111111 0.333333
vt 0.166667 0.333333
vt 0.222222 0.333333
vt 0.277778 0.333333
vt 0.333333 0.333333
vt 0.388889 0.333333
vt 0.444444 0.333333
vt 0.500000 0.333333
vt 0.555556 0.333333
vt 0.611111 0.333333
vt 0.666667 0.333333
vt 0.722222 0.333333
vt 0.777778 0.333333
vt 0.833333 0.333333
vt 0.888889 0.333333
vt 0.944444 0.333333
vt 1.000000 0.333333
vt 0.000000 0.250000
vt 0.055556 0.250000
vt 0.111111 0.250000
vt 0.166667 0.250000
vt 0.222222 0.250000
vt 0.277778 0.250000
vt 0.333333 0.250000
vt 0.388889 0.250000
vt 0.444444 0.250000
vt 0.500000 0.250000
vt 0.555556 0.250000
vt 0.611111 0.250000
vt 0.666667 0.250000
vt 0.722222 0.250000
vt 0.777778 0.250000
vt 0.833333 0.250000
vt 0.888889 0.250000
vt 0.944444 0.250000
vt 1.000000 0.250000
vt 0.000000 0.166667
vt 0.055556 0.166667
vt 0.111111 0.166667
vt 0.166667 0.166667
vt 0.222222 0.166667
vt 0.277778 0.166667
vt 0.333333 0.166667
vt 0.388889 0.166667
vt 0.444444 0.166667
vt 0.500000 0.166667
vt 0.555556 0.166667
vt 0.611111 0.166667
vt 0.666667 0.166667
vt 0.722222 0.166667
vt 0.777778 0.166667
vt 0.833333 0.166667
vt 0.888889 0.166667
vt 0.944444 0.166667
vt 1.000000 0.166667
vt 0.000000 0.083333
vt 0.055556 0.083333
vt 0.111111 0.083333
vt 0.166667 0.083333
vt 0.222222 0.083333
vt 0.277778 0.083333
vt 0.333333 0.083333
vt 0.388889 0.083333
vt 0.444444 0.083333
vt 0.500000 0.083333
vt 0.555556 0.083333
vt 0.611111 0.083333
vt 0.666667 0.083333
vt 0.722222 0.083333
vt 0.777778 0.083333
vt 0.833333 0.083333
vt 0.888889 0.083333
vt 0.944444 0.083333
vt 1.000000 0.083333
vt 0.000000 0.000000
vt 0.055556 0.000000
vt 0.111111 0.000000
vt 0.166667 0.000000
vt 0.222222 0.000000
vt 0.277778 0.000000
vt 0.333333 0.000000
vt 0.388889 0.000000
vt 0.444444 0.000000
vt 0.500000 0.000000
vt 0.555556 0.000000
vt 0.611111 0.000000
vt 0.666667 0.000000
vt 0.722222 0.000000
vt 0.777778 0.000000
vt 0.833333 0.000000
vt 0.888889 0.000000
vt 0.944444 0.000000
vt 1.000000 0.000000
vt 0.000000 0.000000
vt 0.055556 0.000000
vt 0.111111 0.000000
vt 0.166667 0.000000
vt 0.222222 0.000000
vt 0.277778 0.000000
vt 0.333333 0.000000
vt 0.388889 0.000000
vt 0.444444 0.000000
vt 0.500000 0.000000
vt 0.555556 0.000000
vt 0.611111 0.000000
vt 0.666667 0.000000
vt 0.722222 0.000000
vt 0.777778 0.000000
vt 0.833333 0.000000
vt 0.888889 0.000000
vt 0.944444 0.000000
vt 1.000000 0.000000
vt 0.000000 0.166667
vt 0.055556 0.166667
vt 0.111111 0.166667
vt 0.166667 0.166667
vt 0.222222 0.166667
vt 0.277778 0.166667
vt 0.333333 0.166667
vt 0.388889 0.166667
vt 0.444444 0.166667
vt 0.500000 0.166667
vt 0.555556 0.166667
vt 0.611111 0.166667
vt 0.666667 0.166667
vt 0.722222 0.166667
vt 0.777778 0.166667
vt 0.833333 0.166667
vt 0.888889 0.166667
vt 0.944444 0.166667
vt 1.000000 0.166667
vt 0.000000 0.333333
vt 0.055556 0.333333
vt 0.111111 0.333333
vt 0.166667 0.333333
vt 0.222222 0.333333
vt 0.277778 0.333333
vt 0.333333 0.333333
vt 0.388889 0.333333
vt 0.444444 0.333333
vt 0.500000 0.333333
vt 0.555556 0.333333
vt 0.611111 0.333333
vt 0.666667 0.333333
vt 0.722222 0.333333
vt 0.777778 0.333333
vt 0.833333 0.333333
vt 0.888889 0.333333
vt 0.944444 0.333333
vt 1.000000 0.333333
vt 0.000000 0.500000
vt 0.055556 0.500000
vt 0.111111 0.500000
vt 0.166667 0.500000
vt 0.222222 0.500000
vt 0.277778 0.500000
vt 0.333333 0.500000
vt 0.388889 0.500000
vt 0.444444 0.500000
vt 0.500000 0.500000
vt 0.555556 0.500000
vt 0.611111 0.500000
vt 0.666667 0.500000
vt 0.722222 0.500000
vt 0.777778 0.500000
vt 0.833333 0.500000
vt 0.888889 0.500000
vt 0.944444 0.500000
vt 1.000000 0.500000
vt 0.000000 0.666667
vt 0.055556 0.666667
vt 0.111111 0.666667
vt 0.166667 0.666667
vt 0.222222 0.666667
vt 0.277778 0.666667
vt 0.333333 0.666667
vt 0.388889 0.666667
vt 0.444444 0.666667
vt 0.500000 0.666667
vt 0.555556 0.666667
vt 0.611111 0.666667
vt 0.666667 0.666667
vt 0.722222 0.666667
vt 0.777778 0.666667
vt 0.833333 0.666667
vt 0.888889 0.666667
vt 0.944444 0.666667
vt 1.000000 0.666667
vt 0.000000 0.833333
vt 0.055556 0.833333
vt 0.111111 0.833333
vt 0.166667 0.833333
vt 0.222222 0.833333
vt 0.277778 0.833333
vt 0.333333 0.833333
vt 0.388889 0.833333
vt 0.444444 0.833333
vt 0.500000 0.833333
vt 0.555556 0.833333
vt 0.611111 0.833333
vt 0.666667 0.833333
vt 0.722222 0.833333
vt 0.777778 0.833333
vt 0.833333 0.833333
vt 0.888889 0.833333
vt 0.944444 0.833333
vt 1.000000 0.833333
vt 0.000000 1.000000
vt 0.055556 1.000000
vt 0.111111 1.000000
vt 0.166667 1.000000
vt 0.222222 1.000000
vt 0.277778 1.000000
vt 0.333333 1.000000
vt 0.388889 1.000000
vt 0.444444 1.000000
vt 0.500000 1.000000
vt 0.555556 1.000000
vt 0.611111 1.000000
vt 0.666667 1.000000
vt 0.722222 1.000000
vt 0.777778 1.000000
vt 0.833333 1.000000
vt 0.888889 1.000000
vt 0.944444 1.000000
vt 1.000000 1.000000
vt 0.500000 0.500000
vt 0.500000 0.500000
vt 0.000000 0.000000
vt 0.083333 0.000000
vt 0.166667 0.000000
vt 0.250000 0.000000
vt 0.333333 0.000000
vt 0.416667 0.000000
vt 0.500000 0.000000
vt 0.583333 0.000000
vt 0.666667 0.000000
vt 0.750000 0.000000
vt 0.833333 0.000000
vt 0.916667 0.000000
vt 1.000000 0.000000
vt 0.000000 0.045455
vt 0.083333 0.045455
vt 0.166667 0.045455
vt 0.250000 0.045455
vt 0.333333 0.045455
vt 0.416667 0.045455
vt 0.500000 0.045455
vt 0.583333 0.045455
vt 0.666667 0.045455
vt 0.750000 0.045455
vt 0.833333 0.045455
vt 0.916667 0.045455
vt 1.000000 0.045455
vt 0.000000 0.090909
vt 0.083333 0.090909
vt 0.166667 0.090909
vt 0.250000 0.090909
vt 0.333333 0.090909
vt 0.416667 0.090909
vt 0.500000 0.090909
vt 0.583333 0.090909
vt 0.666667 0.090909
vt 0.750000 0.090909
vt 0.833333 0.090909
vt 0.916667 0.090909
vt 1.000000 0.090909
vt 0.000000 0.136364
vt 0.083333 0.136364
vt 0.166667 0.136364
vt 0.250000 0.136364
vt 0.333333 0.136364
vt 0.416667 0.136364
vt 0.500000 0.136364
vt 0.583333 0.136364
vt 0.666667 0.136364
vt 0.750000 0.136364
vt 0.833333 0.136364
vt 0.916667 0.136364
vt 1.000000 0.136364
vt 0.000000 0.181818
vt 0.083333 0.181818
vt 0.166667 0.181818
vt 0.250000 0.181818
vt 0.333333 0.181818
vt 0.416667 0.181818
vt 0.500000 0.181818
vt 0.583333 0.181818
vt 0.666667 0.181818
vt 0.750000 0.181818
vt 0.833333 0.181818
vt 0.916667 0.181818
vt 1.000000 0.181818
vt 0.000000 0.227273
vt 0.083333 0.227273
vt 0.166667 0.227273
vt 0.250000 0.227273
vt 0.333333 0.227273
vt 0.416667 0.227273
vt 0.500000 0.227273
vt 0.583333 0.227273
vt 0.666667 0.227273
vt 0.750000 0.227273
vt 0.833333 0.227273
vt 0.916667 0.227273
vt 1.000000 0.227273
vt 0.000000 0.272727
vt 0.083333 0.272727
vt 0.166667 0.272727
vt 0.250000 0.272727
vt 0.333333 0.272727
vt 0.416667 0.272727
vt 0.500000 0.272727
vt 0.583333 0.272727
vt 0.666667 0.272727
vt 0.750000 0.272727
vt 0.833333 0.272727
vt 0.916667 0.272727
vt 1.000000 0.272727
vt 0.000000 0.318182
vt 0.083333 0.318182
vt 0.166667 0.318182
vt 0.250000 0.318182
vt 0.333333 0.318182
vt 0.416667 0.318182
vt 0.500000 0.318182
vt 0.583333 0.318182
vt 0.666667 0.318182
vt 0.750000 0.318182
vt 0.833333 0.318182
vt 0.916667 0.318182
vt 1.000000 0.318182
vt 0.000000 0.363636
vt 0.083333 0.363636
vt 0.166667 0.363636
vt 0.250000 0.363636
vt 0.333333 0.363636
vt 0.416667 0.363636
vt 0.500000 0.363636
vt 0.583333 0.363636
vt 0.666667 0.363636
vt 0.750000 0.363636
vt 0.833333 0.363636
vt 0.916667 0.363636
vt 1.000000 0.363636
vt 0.000000 0.409091
vt 0.083333 0.409091
vt 0.166667 0.409091
vt 0.250000 0.409091
vt 0.333333 0.409091
vt 0.416667 0.409091
vt 0.500000 0.409091
vt 0.583333 0.409091
vt 0.666667 0.409091
vt 0.750000 0.409091
vt 0.833333 0.409091
vt 0.916667 0.409091
vt 1.000000 0.409091
vt 0.000000 0.454545
vt 0.083333 0.454545
vt 0.166667 0.454545
vt 0.250000 0.454545
vt 0.333333 0.454545
vt 0.416667 0.454545
vt 0.500000 0.454545
vt 0.583333 0.454545
vt 0.666667 0.454545
vt 0.750000 0.454545
vt 0.833333 0.454545
vt 0.916667 0.454545
vt 1.000000 0.454545
vt 0.000000 0.500000
vt 0.083333 0.500000
vt 0.166667 0.500000
vt 0.250000 0.500000
vt 0.333333 0.500000
vt 0.416667 0.500000
vt 0.500000 0.500000
vt 0.583333 0.500000
vt 0.666667 0.500000
vt 0.750000 0.500000
vt 0.833333 0.500000
vt 0.916667 0.500000
vt 1.000000 0.500000
vt 0.000000 0.545455
vt 0.083333 0.545455
vt 0.166667 0.545455
vt 0.250000 0.545455
vt 0.333333 0.545455
vt 0.416667 0.545455
vt 0.500000 0.545455
vt 0.583333 0.545455
vt 0.666667 0.545455
vt 0.750000 0.545455
vt 0.833333 0.545455
vt 0.916667 0.545455
vt 1.000000 0.545455
vt 0.000000 0.590909
vt 0.083333 0.590909
vt 0.166667 0.590909
vt 0.250000 0.590909
vt 0.333333 0.590909
vt 0.416667 0.590909
vt 0.500000 0.590909
vt 0.583333 0.590909
vt 0.666667 0.590909
vt 0.750000 0.590909
vt 0.833333 0.590909
vt 0.916667 0.590909
vt 1.000000 0.590909
vt 0.000000 0.636364
vt 0.083333 0.636364
vt 0.166667 0.636364
vt 0.250000 0.636364
vt 0.333333 0.636364
vt 0.416667 0.636364
vt 0.500000 0.636364
vt 0.583333 0.636364
vt 0.666667 0.636364
vt 0.750000 0.636364
vt 0.833333 0.636364
vt 0.916667 0.636364
vt 1.000000 0.636364
vt 0.000000 0.681818
vt 0.083333 0.681818
vt 0.166667 0.681818
vt 0.250000 0.681818
vt 0.333333 0.681818
vt 0.416667 0.681818
vt 0.500000 0.681818
vt 0.583333 0.681818
vt 0.666667 0.681818
vt 0.750000 0.681818
vt 0.833333 0.681818
vt 0.916667 0.681818
vt 1.000000 0.681818
vt 0.000000 0.727273
vt 0.083333 0.727273
vt 0.166667 0.727273
vt 0.250000 0.727273
vt 0.333333 0.727273
vt 0.416667 0.727273
vt 0.500000 0.727273
vt 0.583333 0.727273
vt 0.666667 0.727273
vt 0.750000 0.727273
vt 0.833333 0.727273
vt 0.916667 0.727273
vt 1.000000 0.727273
vt 0.000000 0.772727
vt 0.083333 0.772727
vt 0.166667 0.772727
vt 0.250000 0.772727
vt 0.333333 0.772727
vt 0.416667 0.772727
vt 0.500000 0.772727
vt 0.583333 0.772727
vt 0.666667 0.772727
vt 0.750000 0.772727
vt 0.833333 0.772727
vt 0.916667 0.772727
vt 1.000000 0.772727
vt 0.000000 0.818182
vt 0.083333 0.818182
vt 0.166667 0.818182
vt 0.250000 0.818182
vt 0.333333 0.818182
vt 0.416667 0.818182
vt 0.500000 0.818182
vt 0.583333 0.818182
vt 0.666667 0.818182
vt 0.750000 0.818182
vt 0.833333 0.818182
vt 0.916667 0.818182
vt 1.000000 0.818182
vt 0.000000 0.863636
vt 0.083333 0.863636
vt 0.166667 0.863636
vt 0.250000 0.863636
vt 0.333333 0.863636
vt 0.416667 0.863636
vt 0.500000 0.863636
vt 0.583333 0.863636
vt 0.666667 0.863636
vt 0.750000 0.863636
vt 0.833333 0.863636
vt 0.916667 0.863636
vt 1.000000 0.863636
vt 0.000000 0.909091
vt 0.083333 0.909091
vt 0.166667 0.909091
vt 0.250000 0.909091
vt 0.333333 0.909091
vt 0.416667 0.909091
vt 0.500000 0.909091
vt 0.583333 0.909091
vt 0.666667 0.909091
vt 0.750000 0.909091
vt 0.833333 0.909091
vt 0.916667 0.909091
vt 1.000000 0.909091
vt 0.000000 0.954545
vt 0.083333 0.954545
vt 0.166667 0.954545
vt 0.250000 0.954545
vt 0.333333 0.954545
vt 0.416667 0.954545
vt 0.500000 0.954545
vt 0.583333 0.954545
vt 0.666667 0.954545
vt 0.750000 0.954545
vt 0.833333 0.954545
vt 0.916667 0.954545
vt 1.000000 0.954545
vt 0.000000 1.000000
vt 0.083333 1.000000
vt 0.166667 1.000000
vt 0.250000 1.000000
vt 0.333333 1.000000
vt 0.416667 1.000000
vt 0.500000 1.000000
vt 0.583333 1.000000
vt 0.666667 1.000000
vt 0.750000 1.000000
vt 0.833333 1.000000
vt 0.916667 1.000000
vt 1.000000 1.000000
vn 0.000000 1.000000 0.000000
vn 0.000000 1.000000 0.000000
vn 0.000000 1.000000 0.000000
vn 0.000000 1.000000 0.000000
vn 0.000000 1.000000 0.000000
vn 0.000000 1.000000 0.000000
vn 0.000000 1.000000 0.000000
vn 0.000000 1.000000 0.000000
vn 0.000000 1.000000 0.000000
vn -0.000000 1.000000 0.000000
vn -0.000000 1.000000 0.000000
vn -0.000000 1.000000 0.000000
vn -0.000000 1.000000 0.000000
vn -0.000000 1.000000 0.000000
vn -0.000000 1.000000 0.000000
vn -0.000000 1.000000 0.000000
vn -0.000000 1.000000 0.000000
vn -0.000000 1.000000 -0.000000
vn -0.000000 1.000000 -0.000000
vn -0.000000 1.000000 -0.000000
vn -0.000000 1.000000 -0.000000
vn -0.000000 1.000000 -0.000000
vn -0.000000 1.000000 -0.000000
vn -0.000000 1.000000 -0.000000
vn -0.000000 1.000000 -0.000000
vn 0.000000 1.000000 -0.000000
vn 0.000000 1.000000 -0.000000
vn 0.000000 1.000000 -0.000000
vn 0.000000 1.000000 -0.000000
vn 0.000000 1.000000 -0.000000
vn 0.000000 1.000000 -0.000000
vn 0.000000 1.000000 -0.000000
vn 0.000000 1.000000 -0.000000
vn 0.156434 0.987688 0.000000
vn 0.153429 0.987688 0.030519
vn 0.144527 0.987688 0.059865
vn 0.130071 0.987688 0.086910
vn 0.110616 0.987688 0.110616
vn 0.086910 0.987688 0.130071
vn 0.059865 0.987688 0.144527
vn 0.030519 0.987688 0.153429
vn 0.000000 0.987688 0.156434
vn -0.030519 0.987688 0.153429
vn -0.059865 0.987688 0.144527
vn -0.086910 0.987688 0.130071
vn -0.110616 0.987688 0.110616
vn -0.130071 0.987688 0.086910
vn -0.144527 0.987688 0.059865
vn -0.153429 0.987688 0.030519
vn -0.156434 0.987688 0.000000
vn -0.153429 0.987688 -0.030519
vn -0.144527 0.987688 -0.059865
vn -0.130071 0.987688 -0.086910
vn -0.110616 0.987688 -0.110616
vn -0.086910 0.987688 -0.130071
vn -0.059865 0.987688 -0.144527
vn -0.030519 0.987688 -0.153429
vn -0.000000 0.987688 -0.156434
vn 0.030519 0.987688 -0.153429
vn 0.059865 0.987688 -0.144527
vn 0.086910 0.987688 -0.130071
vn 0.110616 0.987688 -0.110616
vn 0.130071 0.987688 -0.086910
vn 0.144527 0.987688 -0.059865
vn 0.153429 0.987688 -0.030519
vn 0.156434 0.987688 -0.000000
vn 0.309017 0.951057 0.000000
vn 0.303079 0.951057 0.060286
vn 0.285494 0.951057 0.118256
vn 0.256938 0.951057 0.171681
vn 0.218508 0.951057 0.218508
vn 0.171681 0.951057 0.256938
vn 0.118256 0.951057 0.285494
vn 0.060286 0.951057 0.303079
vn 0.000000 0.951057 0.309017
vn -0.060286 0.951057 0.303079
vn -0.118256 0.951057 0.285494
vn -0.171681 0.951057 0.256938
vn -0.218508 0.951057 0.218508
vn -0.256938 0.951057 0.171681
vn -0.285494 0.951057 0.118256
vn -0.303079 0.951057 0.060286
vn -0.309017 0.951057 0.000000
vn -0.303079 0.951057 -0.060286
vn -0.285494 0.951057 -0.118256
vn -0.256938 0.951057 -0.171681
vn -0.218508 0.951057 -0.218508
vn -0.171681 0.951057 -0.256938
vn -0.118256 0.951057 -0.285494
vn -0.060286 0.951057 -0.303079
vn -0.000000 0.951057 -0.309017
vn 0.060286 0.951057 -0.303079
vn 0.118256 0.951057 -0.285494
vn 0.171681 0.951057 -0.256938
vn 0.218508 0.951057 -0.218508
vn 0.256938 0.951057 -0.171681
vn 0.285494 0.951057 -0.118256
vn 0.303079 0.951057 -0.060286
vn 0.309017 0.951057 -0.000000
vn 0.453990 0.891007 0.000000
vn 0.445267 0.891007 0.088569
vn 0.419433 0.891007 0.173735
vn 0.377479 0.891007 0.252224
vn 0.321020 0.891007 0.321020
vn 0.252224 0.891007 0.377479
vn 0.173735 0.891007 0.419433
vn 0.088569 0.891007 0.445267
vn 0.000000 0.891007 0.453990
vn -0.088569 0.891007 0.445267
vn -0.173735 0.891007 0.419433
vn -0.252224 0.891007 0.377479
vn -0.321020 0.891007 0.321020
vn -0.377479 0.891007 0.252224
vn -0.419433 0.891007 0.173735
vn -0.445267 0.891007 0.088569
vn -0.453990 0.891007 0.000000
vn -0.445267 0.891007 -0.088569
vn -0.419433 0.891007 -0.173735
vn -0.377479 0.891007 -0.252224
vn -0.321020 0.891007 -0.321020
vn -0.252224 0.891007 -0.377479
vn -0.173735 0.891007 -0.419433
vn -0.088569 0.891007 -0.445267
vn -0.000000 0.891007 -0.453990
vn 0.088569 0.891007 -0.445267
vn 0.173735 0.891007 -0.419433
vn 0.252224 0.891007 -0.377479
vn 0.321020 0.891007 -0.321020
vn 0.377479 0.891007 -0.252224
vn 0.419433 0.891007 -0.173735
vn 0.445267 0.891007 -0.088569
vn 0.453990 0.891007 -0.000000
vn 0.587785 0.809017 0.000000
vn 0.576491 0.809017 0.114671
vn 0.543043 0.809017 0.224936
vn 0.488726 0.809017 0.326556
vn 0.415627 0.809017 0.415627
vn 0.326556 0.809017 0.488726
vn 0.224936 0.809017 0.543043
vn 0.114671 0.809017 0.576491
vn 0.000000 0.809017 0.587785
vn -0.114671 0.809017 0.576491
vn -0.224936 0.809017 0.543043
vn -0.326556 0.809017 0.488726
vn -0.415627 0.809017 0.415627
vn -0.488726 0.809017 0.326556
vn -0.543043 0.809017 0.224936
vn -0.576491 0.809017 0.114671
vn -0.587785 0.809017 0.000000
vn -0.576491 0.809017 -0.114671
vn -0.543043 0.809017 -0.224936
vn -0.488726 0.809017 -0.326556
vn -0.415627 0.809017 -0.415627
vn -0.326556 0.809017 -0.488726
vn -0.224936 0.809017 -0.543043
vn -0.114671 0.809017 -0.576491
vn -0.000000 0.809017 -0.587785
vn 0.114671 0.809017 -0.576491
vn 0.224936 0.809017 -0.543043
vn 0.326556 0.809017 -0.488726
vn 0.415627 0.809017 -0.415627
vn 0.488726 0.809017 -0.326556
vn 0.543043 0.809017 -0.224936
vn 0.576491 0.809017 -0.114671
vn 0.587785 0.809017 -0.000000
vn 0.707107 0.707107 0.000000
vn 0.693520 0.707107 0.137950
vn 0.653281 0.707107 0.270598
vn 0.587938 0.707107 0.392847
vn 0.500000 0.707107 0.500000
vn 0.392847 0.707107 0.587938
vn 0.270598 0.707107 0.653281
vn 0.137950 0.707107 0.693520
vn 0.000000 0.707107 0.707107
vn -0.137950 0.707107 0.693520
vn -0.270598 0.707107 0.653281
vn -0.392847 0.707107 0.587938
vn -0.500000 0.707107 0.500000
vn -0.587938 0.707107 0.392847
vn -0.653281 0.707107 0.270598
vn -0.693520 0.707107 0.137950
vn -0.707107 0.707107 0.000000
vn -0.693520 0.707107 -0.137950
vn -0.653281 0.707107 -0.270598
vn -0.587938 0.707107 -0.392847
vn -0.500000 0.707107 -0.500000
vn -0.392847 0.707107 -0.587938
vn -0.270598 0.707107 -0.653281
vn -0.137950 0.707107 -0.693520
vn -0.000000 0.707107 -0.707107
vn 0.137950 0.707107 -0.693520
vn 0.270598 0.707107 -0.653281
vn 0.392847 0.707107 -0.587938
vn 0.500000 0.707107 -0.500000
vn 0.587938 0.707107 -0.392847
vn 0.653281 0.707107 -0.270598
vn 0.693520 0.707107 -0.137950
vn 0.707107 0.707107 -0.000000
vn 0.809017 0.587785 0.000000
vn 0.793472 0.587785 0.157831
vn 0.747434 0.587785 0.309597
vn 0.672673 0.587785 0.449466
vn 0.572061 0.587785 0.572061
vn 0.449466 0.587785 0.672673
vn 0.309597 0.587785 0.747434
vn 0.157831 0.587785 0.793472
vn 0.000000 0.587785 0.809017
vn -0.157831 0.587785 0.793472
vn -0.309597 0.587785 0.747434
vn -0.449466 0.587785 0.672673
vn -0.572061 0.587785 0.572061
vn -0.672673 0.587785 0.449466
vn -0.747434 0.587785 0.309597
vn -0.793472 0.587785 0.157831
vn -0.809017 0.587785 0.000000
vn -0.793472 0.587785 -0.157831
vn -0.747434 0.587785 -0.309597
vn -0.672673 0.587785 -0.449466
vn -0.572061 0.587785 -0.572061
vn -0.449466 0.587785 -0.672673
vn -0.309597 0.587785 -0.747434
vn -0.157831 0.587785 -0.793472
vn -0.000000 0.587785 -0.809017
vn 0.157831 0.587785 -0.793472
vn 0.309597 0.587785 -0.747434
vn 0.449466 0.587785 -0.672673
vn 0.572061 0.587785 -0.572061
vn 0.672673 0.587785 -0.449466
vn 0.747434 0.587785 -0.309597
vn 0.793472 0.587785 -0.157831
vn 0.809017 0.587785 -0.000000
vn 0.891007 0.453990 0.000000
vn 0.873886 0.453990 0.173827
vn 0.823183 0.453990 0.340973
vn 0.740845 0.453990 0.495017
vn 0.630037 0.453990 0.630037
vn 0.495017 0.453990 0.740845
vn 0.340973 0.453990 0.823183
vn 0.173827 0.453990 0.873886
vn 0.000000 0.453990 0.891007
vn -0.173827 0.453990 0.873886
vn -0.340973 0.453990 0.823183
vn -0.495017 0.453990 0.740845
vn -0.630037 0.453990 0.630037
vn -0.740845 0.453990 0.495017
vn -0.823183 0.453990 0.340973
vn -0.873886 0.453990 0.173827
vn -0.891007 0.453990 0.000000
vn -0.873886 0.453990 -0.173827
vn -0.823183 0.453990 -0.340973
vn -0.740845 0.453990 -0.495017
vn -0.630037 0.453990 -0.630037
vn -0.495017 0.453990 -0.740845
vn -0.340973 0.453990 -0.823183
vn -0.173827 0.453990 -0.873886
vn -0.000000 0.453990 -0.891007
vn 0.173827 0.453990 -0.873886
vn 0.340973 0.453990 -0.823183
vn 0.495017 0.453990 -0.740845
vn 0.630037 0.453990 -0.630037
vn 0.740845 0.453990 -0.495017
vn 0.823183 0.453990 -0.340973
vn 0.873886 0.453990 -0.173827
vn 0.891007 0.453990 -0.000000
vn 0.951057 0.309017 0.000000
vn 0.932782 0.309017 0.185542
vn 0.878662 0.309017 0.363954
vn 0.790775 0.309017 0.528379
vn 0.672499 0.309017 0.672499
vn 0.528379 0.309017 0.790775
vn 0.363954 0.309017 0.878662
vn 0.185542 0.309017 0.932782
vn 0.000000 0.309017 0.951057
vn -0.185542 0.309017 0.932782
vn -0.363954 0.309017 0.878662
vn -0.528379 0.309017 0.790775
vn -0.672499 0.309017 0.672499
vn -0.790775 0.309017 0.528379
vn -0.878662 0.309017 0.363954
vn -0.932782 0.309017 0.185542
vn -0.951057 0.309017 0.000000
vn -0.932782 0.309017 -0.185542
vn -0.878662 0.309017 -0.363954
vn -0.790775 0.309017 -0.528379
vn -0.672499 0.309017 -0.672499
vn -0.528379 0.309017 -0.790775
vn -0.363954 0.309017 -0.878662
vn -0.185542 0.309017 -0.932782
vn -0.000000 0.309017 -0.951057
vn 0.185542 0.309017 -0.932782
vn 0.363954 0.309017 -0.878662
vn 0.528379 0.309017 -0.790775
vn 0.672499 0.309017 -0.672499
vn 0.790775 0.309017 -0.528379
vn 0.878662 0.309017 -0.363954
vn 0.932782 0.309017 -0.185542
vn 0.951057 0.309017 -0.000000
vn 0.987688 0.156434 0.000000
vn 0.968710 0.156434 0.192688
vn 0.912505 0.156434 0.377972
vn 0.821233 0.156434 0.548730
vn 0.698401 0.156434 0.698401
vn 0.548730 0.156434 0.821233
vn 0.377972 0.156434 0.912505
vn 0.192688 0.156434 0.968710
vn 0.000000 0.156434 0.987688
vn -0.192688 0.156434 0.968710
vn -0.377972 0.156434 0.912505
vn -0.548730 0.156434 0.821233
vn -0.698401 0.156434 0.698401
vn -0.821233 0.156434 0.548730
vn -0.912505 0.156434 0.377972
vn -0.968710 0.156434 0.192688
vn -0.987688 0.156434 0.000000
vn -0.968710 0.156434 -0.192688
vn -0.912505 0.156434 -0.377972
vn -0.821233 0.156434 -0.548730
vn -0.698401 0.156434 -0.698401
vn -0.548730 0.156434 -0.821233
vn -0.377972 0.156434 -0.912505
vn -0.192688 0.156434 -0.968710
vn -0.000000 0.156434 -0.987688
vn 0.192688 0.156434 -0.968710
vn 0.377972 0.156434 -0.912505
vn 0.548730 0.156434 -0.821233
vn 0.698401 0.156434 -0.698401
vn 0.821233 0.156434 -0.548730
vn 0.912505 0.156434 -0.377972
vn 0.968710 0.156434 -0.192688
vn 0.987688 0.156434 -0.000000
vn 1.000000 0.000000 0.000000
vn 0.980785 0.000000 0.195090
vn 0.923880 0.000000 0.382683
vn 0.831470 0.000000 0.555570
vn 0.707107 0.000000 0.707107
vn 0.555570 0.000000 0.831470
vn 0.382683 0.000000 0.923880
vn 0.195090 0.000000 0.980785
vn 0.000000 0.000000 1.000000
vn -0.195090 0.000000 0.980785
vn -0.382683 0.000000 0.923880
vn -0.555570 0.000000 0.831470
vn -0.707107 0.000000 0.707107
vn -0.831470 0.000000 0.555570
vn -0.923880 0.000000 0.382683
vn -0.980785 0.000000 0.195090
vn -1.000000 0.000000 0.000000
vn -0.980785 0.000000 -0.195090
vn -0.923880 0.000000 -0.382683
vn -0.831470 0.000000 -0.555570
vn -0.707107 0.000000 -0.707107
vn -0.555570 0.000000 -0.831470
vn -0.382683 0.000000 -0.923880
vn -0.195090 0.000000 -0.980785
vn -0.000000 0.000000 -1.000000
vn 0.195090 0.000000 -0.980785
vn 0.382683 0.000000 -0.923880
vn 0.555570 0.000000 -0.831470
vn 0.707107 0.000000 -0.707107
vn 0.831470 0.000000 -0.555570
vn 0.923880 0.000000 -0.382683
vn 0.980785 0.000000 -0.195090
vn 1.000000 0.000000 -0.000000
vn 0.987688 -0.156434 0.000000
vn 0.968710 -0.156434 0.192688
vn 0.912505 -0.156434 0.377972
vn 0.821233 -0.156434 0.548730
vn 0.698401 -0.156434 0.698401
vn 0.548730 -0.156434 0.821233
vn 0.377972 -0.156434 0.912505
vn 0.192688 -0.156434 0.968710
vn 0.000000 -0.156434 0.987688
vn -0.192688 -0.156434 0.968710
vn -0.377972 -0.156434 0.912505
vn -0.548730 -0.156434 0.821233
vn -0.698401 -0.156434 0.698401
vn -0.821233 -0.156434 0.548730
vn -0.912505 -0.156434 0.377972
vn -0.968710 -0.156434 0.192688
vn -0.987688 -0.156434 0.000000
vn -0.968710 -0.156434 -0.192688
vn -0.912505 -0.156434 -0.377972
vn -0.821233 -0.156434 -0.548730
vn -0.698401 -0.156434 -0.698401
vn -0.548730 -0.156434 -0.821233
vn -0.377972 -0.156434 -0.912505
vn -0.192688 -0.156434 -0.968710
vn -0.000000 -0.156434 -0.987688
vn 0.192688 -0.156434 -0.968710
vn 0.377972 -0.156434 -0.912505
vn 0.548730 -0.156434 -0.821233
vn 0.698401 -0.156434 -0.698401
vn 0.821233 -0.156434 -0.548730
vn 0.912505 -0.156434 -0.377972
vn 0.968710 -0.156434 -0.192688
vn 0.987688 -0.156434 -0.000000
vn 0.951057 -0.309017 0.000000
vn 0.932782 -0.309017 0.185542
vn 0.878662 -0.309017 0.363954
vn 0.790775 -0.309017 0.528379
vn 0.672499 -0.309017 0.672499
vn 0.528379 -0.309017 0.790775
vn 0.363954 -0.309017 0.878662
vn 0.185542 -0.309017 0.932782
vn 0.000000 -0.309017 0.951057
vn -0.185542 -0.309017 0.932782
vn -0.363954 -0.309017 0.878662
vn -0.528379 -0.309017 0.790775
vn -0.672499 -0.309017 0.672499
vn -0.790775 -0.309017 0.528379
vn -0.878662 -0.309017 0.363954
vn -0.932782 -0.309017 0.185542
vn -0.951057 -0.309017 0.000000
vn -0.932782 -0.309017 -0.185542
vn -0.878662 -0.309017 -0.363954
vn -0.790775 -0.309017 -0.528379
vn -0.672499 -0.309017 -0.672499
vn -0.528379 -0.309017 -0.790775
vn -0.363954 -0.309017 -0.878662
vn -0.185542 -0.309017 -0.932782
vn -0.000000 -0.309017 -0.951057
vn 0.185542 -0.309017 -0.932782
vn 0.363954 -0.309017 -0.878662
vn 0.528379 -0.309017 -0.790775
vn 0.672499 -0.309017 -0.672499
vn 0.790775 -0.309017 -0.528379
vn 0.878662 -0.309017 -0.363954
vn 0.932782 -0.309017 -0.185542
vn 0.951057 -0.309017 -0.000000
vn 0.891007 -0.453990 0.000000
vn 0.873886 -0.453990 0.173827
vn 0.823183 -0.453990 0.340973
vn 0.740845 -0.453990 0.495017
vn 0.630037 -0.453990 0.630037
vn 0.495017 -0.453990 0.740845
vn 0.340973 -0.453990 0.823183
vn 0.173827 -0.453990 0.873886
vn 0.000000 -0.453990 0.891007
vn -0.173827 -0.453990 0.873886
vn -0.340973 -0.453990 0.823183
vn -0.495017 -0.453990 0.740845
vn -0.630037 -0.453990 0.630037
vn -0.740845 -0.453990 0.495017
vn -0.823183 -0.453990 0.340973
vn -0.873886 -0.453990 0.173827
vn -0.891007 -0.453990 0.000000
vn -0.873886 -0.453990 -0.173827
vn -0.823183 -0.453990 -0.340973
vn -0.740845 -0.453990 -0.495017
vn -0.630037 -0.453990 -0.630037
vn -0.495017 -0.453990 -0.740845
vn -0.340973 -0.453990 -0.823183
vn -0.173827 -0.453990 -0.873886
vn -0.000000 -0.453990 -0.891007
vn 0.173827 -0.453990 -0.873886
vn 0.340973 -0.453990 -0.823183
vn 0.495017 -0.453990 -0.740845
vn 0.630037 -0.453990 -0.630037
vn 0.740845 -0.453990 -0.495017
vn 0.823183 -0.453990 -0.340973
vn 0.873886 -0.453990 -0.173827
vn 0.891007 -0.453990 -0.000000
vn 0.809017 -0.587785 0.000000
vn 0.793472 -0.587785 0.157831
vn 0.747434 -0.587785 0.309597
vn 0.672673 -0.587785 0.449466
vn 0.572061 -0.587785 0.572061
vn 0.449466 -0.587785 0.672673
vn 0.309597 -0.587785 0.747434
vn 0.157831 -0.587785 0.793472
vn 0.000000 -0.587785 0.809017
vn -0.157831 -0.587785 0.793472
vn -0.309597 -0.587785 0.747434
vn -0.449466 -0.587785 0.672673
vn -0.572061 -0.587785 0.572061
vn -0.672673 -0.587785 0.449466
vn -0.747434 -0.587785 0.309597
vn -0.793472 -0.587785 0.157831
vn -0.809017 -0.587785 0.000000
vn -0.793472 -0.587785 -0.157831
vn -0.747434 -0.587785 -0.309597
vn -0.672673 -0.587785 -0.449466
vn -0.572061 -0.587785 -0.572061
vn -0.449466 -0.587785 -0.672673
vn -0.309597 -0.587785 -0.747434
vn -0.157831 -0.587785 -0.793472
vn -0.000000 -0.587785 -0.809017
vn 0.157831 -0.587785 -0.793472
vn 0.309597 -0.587785 -0.747434
vn 0.449466 -0.587785 -0.672673
vn 0.572061 -0.587785 -0.572061
vn 0.672673 -0.587785 -0.449466
vn 0.747434 -0.587785 -0.309597
vn 0.793472 -0.587785 -0.157831
vn 0.809017 -0.587785 -0.000000
vn 0.707107 -0.707107 0.000000
vn 0.693520 -0.707107 0.137950
vn 0.653281 -0.707107 0.270598
vn 0.587938 -0.707107 0.392847
vn 0.500000 -0.707107 0.500000
vn 0.392847 -0.707107 0.587938
vn 0.270598 -0.707107 0.653281
vn 0.137950 -0.707107 0.693520
vn 0.000000 -0.707107 0.707107
vn -0.137950 -0.707107 0.693520
vn -0.270598 -0.707107 0.653281
vn -0.392847 -0.707107 0.587938
vn -0.500000 -0.707107 0.500000
vn -0.587938 -0.707107 0.392847
vn -0.653281 -0.707107 0.270598
vn -0.693520 -0.707107 0.137950
vn -0.707107 -0.707107 0.000000
vn -0.693520 -0.707107 -0.137950
vn -0.653281 -0.707107 -0.270598
vn -0.587938 -0.707107 -0.392847
vn -0.500000 -0.707107 -0.500000
vn -0.392847 -0.707107 -0.587938
vn -0.270598 -0.707107 -0.653281
vn -0.137950 -0.707107 -0.693520
vn -0.000000 -0.707107 -0.707107
vn 0.137950 -0.707107 -0.693520
vn 0.270598 -0.707107 -0.653281
vn 0.392847 -0.707107 -0.587938
vn 0.500000 -0.707107 -0.500000
vn 0.587938 -0.707107 -0.392847
vn 0.653281 -0.707107 -0.270598
vn 0.693520 -0.707107 -0.137950
vn 0.707107 -0.707107 -0.000000
vn 0.587785 -0.809017 0.000000
vn 0.576491 -0.809017 0.114671
vn 0.543043 -0.809017 0.224936
vn 0.488726 -0.809017 0.326556
vn 0.415627 -0.809017 0.415627
vn 0.326556 -0.809017 0.488726
vn 0.224936 -0.809017 0.543043
vn 0.114671 -0.809017 0.576491
vn 0.000000 -0.809017 0.587785
vn -0.114671 -0.809017 0.576491
vn -0.224936 -0.809017 0.543043
vn -0.326556 -0.809017 0.488726
vn -0.415627 -0.809017 0.415627
vn -0.488726 -0.809017 0.326556
vn -0.543043 -0.809017 0.224936
vn -0.576491 -0.809017 0.114671
vn -0.587785 -0.809017 0.000000
vn -0.576491 -0.809017 -0.114671
vn -0.543043 -0.809017 -0.224936
vn -0.488726 -0.809017 -0.326556
vn -0.415627 -0.809017 -0.415627
vn -0.326556 -0.809017 -0.488726
vn -0.224936 -0.809017 -0.543043
vn -0.114671 -0.809017 -0.576491
vn -0.000000 -0.809017 -0.587785
vn 0.114671 -0.809017 -0.576491
vn 0.224936 -0.809017 -0.543043
vn 0.326556 -0.809017 -0.488726
vn 0.415627 -0.809017 -0.415627
vn 0.488726 -0.809017 -0.326556
vn 0.543043 -0.809017 -0.224936
vn 0.576491 -0.809017 -0.114671
vn 0.587785 -0.809017 -0.000000
vn 0.453990 -0.891007 0.000000
vn 0.445267 -0.891007 0.088569
vn 0.419433 -0.891007 0.173735
vn 0.377479 -0.891007 0.252224
vn 0.321020 -0.891007 0.321020
vn 0.252224 -0.891007 0.377479
vn 0.173735 -0.891007 0.419433
vn 0.088569 -0.891007 0.445267
vn 0.000000 -0.891007 0.453990
vn -0.088569 -0.891007 0.445267
vn -0.173735 -0.891007 0.419433
vn -0.252224 -0.891007 0.377479
vn -0.321020 -0.891007 0.321020
vn -0.377479 -0.891007 0.252224
vn -0.419433 -0.891007 0.173735
vn -0.445267 -0.891007 0.088569
vn -0.453990 -0.891007 0.000000
vn -0.445267 -0.891007 -0.088569
vn -0.419433 -0.891007 -0.173735
vn -0.377479 -0.891007 -0.252224
vn -0.321020 -0.891007 -0.321020
vn -0.252224 -0.891007 -0.377479
vn -0.173735 -0.891007 -0.419433
vn -0.088569 -0.891007 -0.445267
vn -0.000000 -0.891007 -0.453990
vn 0.088569 -0.891007 -0.445267
vn 0.173735 -0.891007 -0.419433
vn 0.252224 -0.891007 -0.377479
vn 0.321020 -0.891007 -0.321020
vn 0.377479 -0.891007 -0.252224
vn 0.419433 -0.891007 -0.173735
vn 0.445267 -0.891007 -0.088569
vn 0.453990 -0.891007 -0.000000
vn 0.309017 -0.951057 0.000000
vn 0.303079 -0.951057 0.060286
vn 0.285494 -0.951057 0.118256
vn 0.256938 -0.951057 0.171681
vn 0.218508 -0.951057 0.218508
vn 0.171681 -0.951057 0.256938
vn 0.118256 -0.951057 0.285494
vn 0.060286 -0.951057 0.303079
vn 0.000000 -0.951057 0.309017
vn -0.060286 -0.951057 0.303079
vn -0.118256 -0.951057 0.285494
vn -0.171681 -0.951057 0.256938
vn -0.218508 -0.951057 0.218508
vn -0.256938 -0.951057 0.171681
vn -0.285494 -0.951057 0.118256
vn -0.303079 -0.951057 0.060286
vn -0.309017 -0.951057 0.000000
vn -0.303079 -0.951057 -0.060286
vn -0.285494 -0.951057 -0.118256
vn -0.256938 -0.951057 -0.171681
vn -0.218508 -0.951057 -0.218508
vn -0.171681 -0.951057 -0.256938
vn -0.118256 -0.951057 -0.285494
vn -0.060286 -0.951057 -0.303079
vn -0.000000 -0.951057 -0.309017
vn 0.060286 -0.951057 -0.303079
vn 0.118256 -0.951057 -0.285494
vn 0.171681 -0.951057 -0.256938
vn 0.218508 -0.951057 -0.218508
vn 0.256938 -0.951057 -0.171681
vn 0.285494 -0.951057 -0.118256
vn 0.303079 -0.951057 -0.060286
vn 0.309017 -0.951057 -0.000000
vn 0.156434 -0.987688 0.000000
vn 0.153429 -0.987688 0.030519
vn 0.144527 -0.987688 0.059865
vn 0.130071 -0.987688 0.086910
vn 0.110616 -0.987688 0.110616
vn 0.086910 -0.987688 0.130071
vn 0.059865 -0.987688 0.144527
vn 0.030519 -0.987688 0.153429
vn 0.000000 -0.987688 0.156434
vn -0.030519 -0.987688 0.153429
vn -0.059865 -0.987688 0.144527
vn -0.086910 -0.987688 0.130071
vn -0.110616 -0.987688 0.110616
vn -0.130071 -0.987688 0.086910
vn -0.144527 -0.987688 0.059865
vn -0.153429 -0.987688 0.030519
vn -0.156434 -0.987688 0.000000
vn -0.153429 -0.987688 -0.030519
vn -0.144527 -0.987688 -0.059865
vn -0.130071 -0.987688 -0.086910
vn -0.110616 -0.987688 -0.110616
vn -0.086910 -0.987688 -0.130071
vn -0.059865 -0.987688 -0.144527
vn -0.030519 -0.987688 -0.153429
vn -0.000000 -0.987688 -0.156434
vn 0.030519 -0.987688 -0.153429
vn 0.059865 -0.987688 -0.144527
vn 0.086910 -0.987688 -0.130071
vn 0.110616 -0.987688 -0.110616
vn 0.130071 -0.987688 -0.086910
vn 0.144527 -0.987688 -0.059865
vn 0.153429 -0.987688 -0.030519
vn 0.156434 -0.987688 -0.000000
vn 0.000000 -1.000000 0.000000
vn 0.000000 -1.000000 0.000000
vn 0.000000 -1.000000 0.000000
vn 0.000000 -1.000000 0.000000
vn 0.000000 -1.000000 0.000000
vn 0.000000 -1.000000 0.000000
vn 0.000000 -1.000000 0.000000
vn 0.000000 -1.000000 0.000000
vn 0.000000 -1.000000 0.000000
vn -0.000000 -1.000000 0.000000
vn -0.000000 -1.000000 0.000000
vn -0.000000 -1.000000 0.000000
vn -0.000000 -1.000000 0.000000
vn -0.000000 -1.000000 0.000000
vn -0.000000 -1.000000 0.000000
vn -0.000000 -1.000000 0.000000
vn -0.000000 -1.000000 0.000000
vn -0.000000 -1.000000 -0.000000
vn -0.000000 -1.000000 -0.000000
vn -0.000000 -1.000000 -0.000000
vn -0.000000 -1.000000 -0.000000
vn -0.000000 -1.000000 -0.000000
vn -0.000000 -1.000000 -0.000000
vn -0.000000 -1.000000 -0.000000
vn -0.000000 -1.000000 -0.000000
vn 0.000000 -1.000000 -0.000000
vn 0.000000 -1.000000 -0.000000
vn 0.000000 -1.000000 -0.000000
vn 0.000000 -1.000000 -0.000000
vn 0.000000 -1.000000 -0.000000
vn 0.000000 -1.000000 -0.000000
vn 0.000000 -1.000000 -0.000000
vn 0.000000 -1.000000 -0.000000
vn 0.000000 1.000000 0.000000
vn 0.000000 1.000000 0.000000
vn 0.000000 1.000000 0.000000
vn 0.000000 1.000000 0.000000
vn 0.000000 1.000000 0.000000
vn 0.000000 1.000000 0.000000
vn 0.000000 1.000000 0.000000
vn 0.000000 1.000000 0.000000
vn -0.000000 1.000000 0.000000
vn -0.000000 1.000000 0.000000
vn -0.000000 1.000000 0.000000
vn -0.000000 1.000000 0.000000
vn -0.000000 1.000000 0.000000
vn -0.000000 1.000000 0.000000
vn -0.000000 1.000000 0.000000
vn -0.000000 1.000000 -0.000000
vn -0.000000 1.000000 -0.000000
vn -0.000000 1.000000 -0.000000
vn -0.000000 1.000000 -0.000000
vn -0.000000 1.000000 -0.000000
vn -0.000000 1.000000 -0.000000
vn -0.000000 1.000000 -0.000000
vn 0.000000 1.000000 -0.000000
vn 0.000000 1.000000 -0.000000
vn 0.000000 1.000000 -0.000000
vn 0.000000 1.000000 -0.000000
vn 0.000000 1.000000 -0.000000
vn 0.000000 1.000000 -0.000000
vn 0.000000 1.000000 -0.000000
vn 0.193549 0.981091 0.000000
vn 0.188697 0.981091 0.043069
vn 0.174382 0.981091 0.083978
vn 0.151323 0.981091 0.120676
vn 0.120676 0.981091 0.151323
vn 0.083978 0.981091 0.174382
vn 0.043069 0.981091 0.188697
vn 0.000000 0.981091 0.193549
vn -0.043069 0.981091 0.188697
vn -0.083978 0.981091 0.174382
vn -0.120676 0.981091 0.151323
vn -0.151323 0.981091 0.120676
vn -0.174382 0.981091 0.083978
vn -0.188697 0.981091 0.043069
vn -0.193549 0.981091 0.000000
vn -0.188697 0.981091 -0.043069
vn -0.174382 0.981091 -0.083978
vn -0.151323 0.981091 -0.120676
vn -0.120676 0.981091 -0.151323
vn -0.083978 0.981091 -0.174382
vn -0.043069 0.981091 -0.188697
vn -0.000000 0.981091 -0.193549
vn 0.043069 0.981091 -0.188697
vn 0.083978 0.981091 -0.174382
vn 0.120676 0.981091 -0.151323
vn 0.151323 0.981091 -0.120676
vn 0.174382 0.981091 -0.083978
vn 0.188697 0.981091 -0.043069
vn 0.193549 0.981091 -0.000000
vn 0.379779 0.925077 0.000000
vn 0.370257 0.925077 0.084509
vn 0.342169 0.925077 0.164780
vn 0.296923 0.925077 0.236788
vn 0.236788 0.925077 0.296923
vn 0.164780 0.925077 0.342169
vn 0.084509 0.925077 0.370257
vn 0.000000 0.925077 0.379779
vn -0.084509 0.925077 0.370257
vn -0.164780 0.925077 0.342169
vn -0.236788 0.925077 0.296923
vn -0.296923 0.925077 0.236788
vn -0.342169 0.925077 0.164780
vn -0.370257 0.925077 0.084509
vn -0.379779 0.925077 0.000000
vn -0.370257 0.925077 -0.084509
vn -0.342169 0.925077 -0.164780
vn -0.296923 0.925077 -0.236788
vn -0.236788 0.925077 -0.296923
vn -0.164780 0.925077 -0.342169
vn -0.084509 0.925077 -0.370257
vn -0.000000 0.925077 -0.379779
vn 0.084509 0.925077 -0.370257
vn 0.164780 0.925077 -0.342169
vn 0.236788 0.925077 -0.296923
vn 0.296923 0.925077 -0.236788
vn 0.342169 0.925077 -0.164780
vn 0.370257 0.925077 -0.084509
vn 0.379779 0.925077 -0.000000
vn 0.551646 0.834078 0.000000
vn 0.537815 0.834078 0.122753
vn 0.497016 0.834078 0.239350
vn 0.431294 0.834078 0.343946
vn 0.343946 0.834078 0.431294
vn 0.239350 0.834078 0.497016
vn 0.122753 0.834078 0.537815
vn 0.000000 0.834078 0.551646
vn -0.122753 0.834078 0.537815
vn -0.239350 0.834078 0.497016
vn -0.343946 0.834078 0.431294
vn -0.431294 0.834078 0.343946
vn -0.497016 0.834078 0.239350
vn -0.537815 0.834078 0.122753
vn -0.551646 0.834078 0.000000
vn -0.537815 0.834078 -0.122753
vn -0.497016 0.834078 -0.239350
vn -0.431294 0.834078 -0.343946
vn -0.343946 0.834078 -0.431294
vn -0.239350 0.834078 -0.497016
vn -0.122753 0.834078 -0.537815
vn -0.000000 0.834078 -0.551646
vn 0.122753 0.834078 -0.537815
vn 0.239350 0.834078 -0.497016
vn 0.343946 0.834078 -0.431294
vn 0.431294 0.834078 -0.343946
vn 0.497016 0.834078 -0.239350
vn 0.537815 0.834078 -0.122753
vn 0.551646 0.834078 -0.000000
vn 0.702650 0.711536 0.000000
vn 0.685033 0.711536 0.156354
vn 0.633066 0.711536 0.304868
vn 0.549354 0.711536 0.438095
vn 0.438095 0.711536 0.549354
vn 0.304868 0.711536 0.633066
vn 0.156354 0.711536 0.685033
vn 0.000000 0.711536 0.702650
vn -0.156354 0.711536 0.685033
vn -0.304868 0.711536 0.633066
vn -0.438095 0.711536 0.549354
vn -0.549354 0.711536 0.438095
vn -0.633066 0.711536 0.304868
vn -0.685033 0.711536 0.156354
vn -0.702650 0.711536 0.000000
vn -0.685033 0.711536 -0.156354
vn -0.633066 0.711536 -0.304868
vn -0.549354 0.711536 -0.438095
vn -0.438095 0.711536 -0.549354
vn -0.304868 0.711536 -0.633066
vn -0.156354 0.711536 -0.685033
vn -0.000000 0.711536 -0.702650
vn 0.156354 0.711536 -0.685033
vn 0.304868 0.711536 -0.633066
vn 0.438095 0.711536 -0.549354
vn 0.549354 0.711536 -0.438095
vn 0.633066 0.711536 -0.304868
vn 0.685033 0.711536 -0.156354
vn 0.702650 0.711536 -0.000000
vn 0.827081 0.562083 0.000000
vn 0.806344 0.562083 0.184043
vn 0.745174 0.562083 0.358857
vn 0.646638 0.562083 0.515676
vn 0.515676 0.562083 0.646638
vn 0.358857 0.562083 0.745174
vn 0.184043 0.562083 0.806344
vn 0.000000 0.562083 0.827081
vn -0.184043 0.562083 0.806344
vn -0.358857 0.562083 0.745174
vn -0.515676 0.562083 0.646638
vn -0.646638 0.562083 0.515676
vn -0.745174 0.562083 0.358857
vn -0.806344 0.562083 0.184043
vn -0.827081 0.562083 0.000000
vn -0.806344 0.562083 -0.184043
vn -0.745174 0.562083 -0.358857
vn -0.646638 0.562083 -0.515676
vn -0.515676 0.562083 -0.646638
vn -0.358857 0.562083 -0.745174
vn -0.184043 0.562083 -0.806344
vn -0.000000 0.562083 -0.827081
vn 0.184043 0.562083 -0.806344
vn 0.358857 0.562083 -0.745174
vn 0.515676 0.562083 -0.646638
vn 0.646638 0.562083 -0.515676
vn 0.745174 0.562083 -0.358857
vn 0.806344 0.562083 -0.184043
vn 0.827081 0.562083 -0.000000
vn 0.920232 0.391374 0.000000
vn 0.897160 0.391374 0.204771
vn 0.829100 0.391374 0.399274
vn 0.719466 0.391374 0.573755
vn 0.573755 0.391374 0.719466
vn 0.399274 0.391374 0.829100
vn 0.204771 0.391374 0.897160
vn 0.000000 0.391374 0.920232
vn -0.204771 0.391374 0.897160
vn -0.399274 0.391374 0.829100
vn -0.573755 0.391374 0.719466
vn -0.719466 0.391374 0.573755
vn -0.829100 0.391374 0.399274
vn -0.897160 0.391374 0.204771
vn -0.920232 0.391374 0.000000
vn -0.897160 0.391374 -0.204771
vn -0.829100 0.391374 -0.399274
vn -0.719466 0.391374 -0.573755
vn -0.573755 0.391374 -0.719466
vn -0.399274 0.391374 -0.829100
vn -0.204771 0.391374 -0.897160
vn -0.000000 0.391374 -0.920232
vn 0.204771 0.391374 -0.897160
vn 0.399274 0.391374 -0.829100
vn 0.573755 0.391374 -0.719466
vn 0.719466 0.391374 -0.573755
vn 0.829100 0.391374 -0.399274
vn 0.897160 0.391374 -0.204771
vn 0.920232 0.391374 -0.000000
vn 0.978581 0.205863 0.000000
vn 0.954046 0.205863 0.217755
vn 0.881671 0.205863 0.424590
vn 0.765085 0.205863 0.610135
vn 0.610135 0.205863 0.765085
vn 0.424590 0.205863 0.881671
vn 0.217755 0.205863 0.954046
vn 0.000000 0.205863 0.978581
vn -0.217755 0.205863 0.954046
vn -0.424590 0.205863 0.881671
vn -0.610135 0.205863 0.765085
vn -0.765085 0.205863 0.610135
vn -0.881671 0.205863 0.424590
vn -0.954046 0.205863 0.217755
vn -0.978581 0.205863 0.000000
vn -0.954046 0.205863 -0.217755
vn -0.881671 0.205863 -0.424590
vn -0.765085 0.205863 -0.610135
vn -0.610135 0.205863 -0.765085
vn -0.424590 0.205863 -0.881671
vn -0.217755 0.205863 -0.954046
vn -0.000000 0.205863 -0.978581
vn 0.217755 0.205863 -0.954046
vn 0.424590 0.205863 -0.881671
vn 0.610135 0.205863 -0.765085
vn 0.765085 0.205863 -0.610135
vn 0.881671 0.205863 -0.424590
vn 0.954046 0.205863 -0.217755
vn 0.978581 0.205863 -0.000000
vn 0.999921 0.012566 0.000000
vn 0.974851 0.012566 0.222503
vn 0.900898 0.012566 0.433849
vn 0.781770 0.012566 0.623441
vn 0.623441 0.012566 0.781770
vn 0.433849 0.012566 0.900898
vn 0.222503 0.012566 0.974851
vn 0.000000 0.012566 0.999921
vn -0.222503 0.012566 0.974851
vn -0.433849 0.012566 0.900898
vn -0.623441 0.012566 0.781770
vn -0.781770 0.012566 0.623441
vn -0.900898 0.012566 0.433849
vn -0.974851 0.012566 0.222503
vn -0.999921 0.012566 0.000000
vn -0.974851 0.012566 -0.222503
vn -0.900898 0.012566 -0.433849
vn -0.781770 0.012566 -0.623441
vn -0.623441 0.012566 -0.781770
vn -0.433849 0.012566 -0.900898
vn -0.222503 0.012566 -0.974851
vn -0.000000 0.012566 -0.999921
vn 0.222503 0.012566 -0.974851
vn 0.433849 0.012566 -0.900898
vn 0.623441 0.012566 -0.781770
vn 0.781770 0.012566 -0.623441
vn 0.900898 0.012566 -0.433849
vn 0.974851 0.012566 -0.222503
vn 0.999921 0.012566 -0.000000
vn 0.983445 -0.181206 0.000000
vn 0.958788 -0.181206 0.218837
vn 0.886054 -0.181206 0.426701
vn 0.768888 -0.181206 0.613168
vn 0.613168 -0.181206 0.768888
vn 0.426701 -0.181206 0.886054
vn 0.218837 -0.181206 0.958788
vn 0.000000 -0.181206 0.983445
vn -0.218837 -0.181206 0.958788
vn -0.426701 -0.181206 0.886054
vn -0.613168 -0.181206 0.768888
vn -0.768888 -0.181206 0.613168
vn -0.886054 -0.181206 0.426701
vn -0.958788 -0.181206 0.218837
vn -0.983445 -0.181206 0.000000
vn -0.958788 -0.181206 -0.218837
vn -0.886054 -0.181206 -0.426701
vn -0.768888 -0.181206 -0.613168
vn -0.613168 -0.181206 -0.768888
vn -0.426701 -0.181206 -0.886054
vn -0.218837 -0.181206 -0.958788
vn -0.000000 -0.181206 -0.983445
vn 0.218837 -0.181206 -0.958788
vn 0.426701 -0.181206 -0.886054
vn 0.613168 -0.181206 -0.768888
vn 0.768888 -0.181206 -0.613168
vn 0.886054 -0.181206 -0.426701
vn 0.958788 -0.181206 -0.218837
vn 0.983445 -0.181206 -0.000000
vn 0.929776 -0.368125 0.000000
vn 0.906465 -0.368125 0.206895
vn 0.837700 -0.368125 0.403415
vn 0.726929 -0.368125 0.579706
vn 0.579706 -0.368125 0.726929
vn 0.403415 -0.368125 0.837700
vn 0.206895 -0.368125 0.906465
vn 0.000000 -0.368125 0.929776
vn -0.206895 -0.368125 0.906465
vn -0.403415 -0.368125 0.837700
vn -0.579706 -0.368125 0.726929
vn -0.726929 -0.368125 0.579706
vn -0.837700 -0.368125 0.403415
vn -0.906465 -0.368125 0.206895
vn -0.929776 -0.368125 0.000000
vn -0.906465 -0.368125 -0.206895
vn -0.837700 -0.368125 -0.403415
vn -0.726929 -0.368125 -0.579706
vn -0.579706 -0.368125 -0.726929
vn -0.403415 -0.368125 -0.837700
vn -0.206895 -0.368125 -0.906465
vn -0.000000 -0.368125 -0.929776
vn 0.206895 -0.368125 -0.906465
vn 0.403415 -0.368125 -0.837700
vn 0.579706 -0.368125 -0.726929
vn 0.726929 -0.368125 -0.579706
vn 0.837700 -0.368125 -0.403415
vn 0.906465 -0.368125 -0.206895
vn 0.929776 -0.368125 -0.000000
vn 0.000000 1.000000 0.000000
vn 0.000000 1.000000 0.000000
vn 0.000000 1.000000 0.000000
vn 0.000000 1.000000 0.000000
vn 0.000000 1.000000 0.000000
vn -0.000000 1.000000 0.000000
vn -0.000000 1.000000 0.000000
vn -0.000000 1.000000 0.000000
vn -0.000000 1.000000 0.000000
vn -0.000000 1.000000 0.000000
vn -0.000000 1.000000 -0.000000
vn -0.000000 1.000000 -0.000000
vn -0.000000 1.000000 -0.000000
vn -0.000000 1.000000 -0.000000
vn 0.000000 1.000000 -0.000000
vn 0.000000 1.000000 -0.000000
vn 0.000000 1.000000 -0.000000
vn 0.000000 1.000000 -0.000000
vn 0.000000 1.000000 -0.000000
vn 0.258819 0.965926 0.000000
vn 0.243210 0.965926 0.088521
vn 0.198267 0.965926 0.166366
vn 0.129410 0.965926 0.224144
vn 0.044943 0.965926 0.254887
vn -0.044943 0.965926 0.254887
vn -0.129410 0.965926 0.224144
vn -0.198267 0.965926 0.166366
vn -0.243210 0.965926 0.088521
vn -0.258819 0.965926 0.000000
vn -0.243210 0.965926 -0.088521
vn -0.198267 0.965926 -0.166366
vn -0.129410 0.965926 -0.224144
vn -0.044943 0.965926 -0.254887
vn 0.044943 0.965926 -0.254887
vn 0.129410 0.965926 -0.224144
vn 0.198267 0.965926 -0.166366
vn 0.243210 0.965926 -0.088521
vn 0.258819 0.965926 -0.000000
vn 0.500000 0.866025 0.000000
vn 0.469846 0.866025 0.171010
vn 0.383022 0.866025 0.321394
vn 0.250000 0.866025 0.433013
vn 0.086824 0.866025 0.492404
vn -0.086824 0.866025 0.492404
vn -0.250000 0.866025 0.433013
vn -0.383022 0.866025 0.321394
vn -0.469846 0.866025 0.171010
vn -0.500000 0.866025 0.000000
vn -0.469846 0.866025 -0.171010
vn -0.383022 0.866025 -0.321394
vn -0.250000 0.866025 -0.433013
vn -0.086824 0.866025 -0.492404
vn 0.086824 0.866025 -0.492404
vn 0.250000 0.866025 -0.433013
vn 0.383022 0.866025 -0.321394
vn 0.469846 0.866025 -0.171010
vn 0.500000 0.866025 -0.000000
vn 0.707107 0.707107 0.000000
vn 0.664463 0.707107 0.241845
vn 0.541675 0.707107 0.454519
vn 0.353553 0.707107 0.612372
vn 0.122788 0.707107 0.696364
vn -0.122788 0.707107 0.696364
vn -0.353553 0.707107 0.612372
vn -0.541675 0.707107 0.454519
vn -0.664463 0.707107 0.241845
vn -0.707107 0.707107 0.000000
vn -0.664463 0.707107 -0.241845
vn -0.541675 0.707107 -0.454519
vn -0.353553 0.707107 -0.612372
vn -0.122788 0.707107 -0.696364
vn 0.122788 0.707107 -0.696364
vn 0.353553 0.707107 -0.612372
vn 0.541675 0.707107 -0.454519
vn 0.664463 0.707107 -0.241845
vn 0.707107 0.707107 -0.000000
vn 0.866025 0.500000 0.000000
vn 0.813798 0.500000 0.296198
vn 0.663414 0.500000 0.556670
vn 0.433013 0.500000 0.750000
vn 0.150384 0.500000 0.852869
vn -0.150384 0.500000 0.852869
vn -0.433013 0.500000 0.750000
vn -0.663414 0.500000 0.556670
vn -0.813798 0.500000 0.296198
vn -0.866025 0.500000 0.000000
vn -0.813798 0.500000 -0.296198
vn -0.663414 0.500000 -0.556670
vn -0.433013 0.500000 -0.750000
vn -0.150384 0.500000 -0.852869
vn 0.150384 0.500000 -0.852869
vn 0.433013 0.500000 -0.750000
vn 0.663414 0.500000 -0.556670
vn 0.813798 0.500000 -0.296198
vn 0.866025 0.500000 -0.000000
vn 0.965926 0.258819 0.000000
vn 0.907673 0.258819 0.330366
vn 0.739942 0.258819 0.620885
vn 0.482963 0.258819 0.836516
vn 0.167731 0.258819 0.951251
vn -0.167731 0.258819 0.951251
vn -0.482963 0.258819 0.836516
vn -0.739942 0.258819 0.620885
vn -0.907673 0.258819 0.330366
vn -0.965926 0.258819 0.000000
vn -0.907673 0.258819 -0.330366
vn -0.739942 0.258819 -0.620885
vn -0.482963 0.258819 -0.836516
vn -0.167731 0.258819 -0.951251
vn 0.167731 0.258819 -0.951251
vn 0.482963 0.258819 -0.836516
vn 0.739942 0.258819 -0.620885
vn 0.907673 0.258819 -0.330366
vn 0.965926 0.258819 -0.000000
vn 1.000000 0.000000 0.000000
vn 0.939693 0.000000 0.342020
vn 0.766044 0.000000 0.642788
vn 0.500000 0.000000 0.866025
vn 0.173648 0.000000 0.984808
vn -0.173648 0.000000 0.984808
vn -0.500000 0.000000 0.866025
vn -0.766044 0.000000 0.642788
vn -0.939693 0.000000 0.342020
vn -1.000000 0.000000 0.000000
vn -0.939693 0.000000 -0.342020
vn -0.766044 0.000000 -0.642788
vn -0.500000 0.000000 -0.866025
vn -0.173648 0.000000 -0.984808
vn 0.173648 0.000000 -0.984808
vn 0.500000 0.000000 -0.866025
vn 0.766044 0.000000 -0.642788
vn 0.939693 0.000000 -0.342020
vn 1.000000 0.000000 -0.000000
vn 0.965926 -0.258819 0.000000
vn 0.907673 -0.258819 0.330366
vn 0.739942 -0.258819 0.620885
vn 0.482963 -0.258819 0.836516
vn 0.167731 -0.258819 0.951251
vn -0.167731 -0.258819 0.951251
vn -0.482963 -0.258819 0.836516
vn -0.739942 -0.258819 0.620885
vn -0.907673 -0.258819 0.330366
vn -0.965926 -0.258819 0.000000
vn -0.907673 -0.258819 -0.330366
vn -0.739942 -0.258819 -0.620885
vn -0.482963 -0.258819 -0.836516
vn -0.167731 -0.258819 -0.951251
vn 0.167731 -0.258819 -0.951251
vn 0.482963 -0.258819 -0.836516
vn 0.739942 -0.258819 -0.620885
vn 0.907673 -0.258819 -0.330366
vn 0.965926 -0.258819 -0.000000
vn 0.866025 -0.500000 0.000000
vn 0.813798 -0.500000 0.296198
vn 0.663414 -0.500000 0.556670
vn 0.433013 -0.500000 0.750000
vn 0.150384 -0.500000 0.852869
vn -0.150384 -0.500000 0.852869
vn -0.433013 -0.500000 0.750000
vn -0.663414 -0.500000 0.556670
vn -0.813798 -0.500000 0.296198
vn -0.866025 -0.500000 0.000000
vn -0.813798 -0.500000 -0.296198
vn -0.663414 -0.500000 -0.556670
vn -0.433013 -0.500000 -0.750000
vn -0.150384 -0.500000 -0.852869
vn 0.150384 -0.500000 -0.852869
vn 0.433013 -0.500000 -0.750000
vn 0.663414 -0.500000 -0.556670
vn 0.813798 -0.500000 -0.296198
vn 0.866025 -0.500000 -0.000000
vn 0.707107 -0.707107 0.000000
vn 0.664463 -0.707107 0.241845
vn 0.541675 -0.707107 0.454519
vn 0.353553 -0.707107 0.612372
vn 0.122788 -0.707107 0.696364
vn -0.122788 -0.707107 0.696364
vn -0.353553 -0.707107 0.612372
vn -0.541675 -0.707107 0.454519
vn -0.664463 -0.707107 0.241845
vn -0.707107 -0.707107 0.000000
vn -0.664463 -0.707107 -0.241845
vn -0.541675 -0.707107 -0.454519
vn -0.353553 -0.707107 -0.612372
vn -0.122788 -0.707107 -0.696364
vn 0.122788 -0.707107 -0.696364
vn 0.353553 -0.707107 -0.612372
vn 0.541675 -0.707107 -0.454519
vn 0.664463 -0.707107 -0.241845
vn 0.707107 -0.707107 -0.000000
vn 0.500000 -0.866025 0.000000
vn 0.469846 -0.866025 0.171010
vn 0.383022 -0.866025 0.321394
vn 0.250000 -0.866025 0.433013
vn 0.086824 -0.866025 0.492404
vn -0.086824 -0.866025 0.492404
vn -0.250000 -0.866025 0.433013
vn -0.383022 -0.866025 0.321394
vn -0.469846 -0.866025 0.171010
vn -0.500000 -0.866025 0.000000
vn -0.469846 -0.866025 -0.171010
vn -0.383022 -0.866025 -0.321394
vn -0.250000 -0.866025 -0.433013
vn -0.086824 -0.866025 -0.492404
vn 0.086824 -0.866025 -0.492404
vn 0.250000 -0.866025 -0.433013
vn 0.383022 -0.866025 -0.321394
vn 0.469846 -0.866025 -0.171010
vn 0.500000 -0.866025 -0.000000
vn 0.258819 -0.965926 0.000000
vn 0.243210 -0.965926 0.088521
vn 0.198267 -0.965926 0.166366
vn 0.129410 -0.965926 0.224144
vn 0.044943 -0.965926 0.254887
vn -0.044943 -0.965926 0.254887
vn -0.129410 -0.965926 0.224144
vn -0.198267 -0.965926 0.166366
vn -0.243210 -0.965926 0.088521
vn -0.258819 -0.965926 0.000000
vn -0.243210 -0.965926 -0.088521
vn -0.198267 -0.965926 -0.166366
vn -0.129410 -0.965926 -0.224144
vn -0.044943 -0.965926 -0.254887
vn 0.044943 -0.965926 -0.254887
vn 0.129410 -0.965926 -0.224144
vn 0.198267 -0.965926 -0.166366
vn 0.243210 -0.965926 -0.088521
vn 0.258819 -0.965926 -0.000000
vn 0.000000 -1.000000 0.000000
vn 0.000000 -1.000000 0.000000
vn 0.000000 -1.000000 0.000000
vn 0.000000 -1.000000 0.000000
vn 0.000000 -1.000000 0.000000
vn -0.000000 -1.000000 0.000000
vn -0.000000 -1.000000 0.000000
vn -0.000000 -1.000000 0.000000
vn -0.000000 -1.000000 0.000000
vn -0.000000 -1.000000 0.000000
vn -0.000000 -1.000000 -0.000000
vn -0.000000 -1.000000 -0.000000
vn -0.000000 -1.000000 -0.000000
vn -0.000000 -1.000000 -0.000000
vn 0.000000 -1.000000 -0.000000
vn 0.000000 -1.000000 -0.000000
vn 0.000000 -1.000000 -0.000000
vn 0.000000 -1.000000 -0.000000
vn 0.000000 -1.000000 -0.000000
vn 0.000000 0.000000 -1.000000
vn -0.047349 0.338727 -0.939693
vn -0.088987 0.636598 -0.766044
vn -0.119892 0.857686 -0.500000
vn -0.136336 0.975325 -0.173648
vn -0.136336 0.975325 0.173648
vn -0.119892 0.857686 0.500000
vn -0.088987 0.636598 0.766044
vn -0.047349 0.338727 0.939693
vn -0.000000 0.000000 1.000000
vn 0.047349 -0.338727 0.939693
vn 0.088987 -0.636598 0.766044
vn 0.119892 -0.857686 0.500000
vn 0.136336 -0.975325 0.173648
vn 0.136336 -0.975325 -0.173648
vn 0.119892 -0.857686 -0.500000
vn 0.088987 -0.636598 -0.766044
vn 0.047349 -0.338727 -0.939693
vn 0.000000 -0.000000 -1.000000
vn 0.000000 0.000000 -1.000000
vn -0.092087 0.329390 -0.939693
vn -0.173068 0.619050 -0.766044
vn -0.233174 0.834044 -0.500000
vn -0.265155 0.948440 -0.173648
vn -0.265155 0.948440 0.173648
vn -0.233174 0.834044 0.500000
vn -0.173068 0.619050 0.766044
vn -0.092087 0.329390 0.939693
vn -0.000000 0.000000 1.000000
vn 0.092087 -0.329390 0.939693
vn 0.173068 -0.619050 0.766044
vn 0.233174 -0.834044 0.500000
vn 0.265155 -0.948440 0.173648
vn 0.265155 -0.948440 -0.173648
vn 0.233174 -0.834044 -0.500000
vn 0.173068 -0.619050 -0.766044
vn 0.092087 -0.329390 -0.939693
vn 0.000000 -0.000000 -1.000000
vn 0.000000 0.000000 -1.000000
vn -0.166917 0.298524 -0.939693
vn -0.313701 0.561042 -0.766044
vn -0.422648 0.755889 -0.500000
vn -0.480617 0.859566 -0.173648
vn -0.480617 0.859566 0.173648
vn -0.422648 0.755889 0.500000
vn -0.313701 0.561042 0.766044
vn -0.166917 0.298524 0.939693
vn -0.000000 0.000000 1.000000
vn 0.166917 -0.298524 0.939693
vn 0.313701 -0.561042 0.766044
vn 0.422648 -0.755889 0.500000
vn 0.480617 -0.859566 0.173648
vn 0.480617 -0.859566 -0.173648
vn 0.422648 -0.755889 -0.500000
vn 0.313701 -0.561042 -0.766044
vn 0.166917 -0.298524 -0.939693
vn 0.000000 -0.000000 -1.000000
vn 0.000000 0.000000 -1.000000
vn -0.219786 0.262053 -0.939693
vn -0.413063 0.492498 -0.766044
vn -0.556519 0.663541 -0.500000
vn -0.632850 0.754551 -0.173648
vn -0.632850 0.754551 0.173648
vn -0.556519 0.663541 0.500000
vn -0.413063 0.492498 0.766044
vn -0.219786 0.262053 0.939693
vn -0.000000 0.000000 1.000000
vn 0.219786 -0.262053 0.939693
vn 0.413063 -0.492498 0.766044
vn 0.556519 -0.663541 0.500000
vn 0.632850 -0.754551 0.173648
vn 0.632850 -0.754551 -0.173648
vn 0.556519 -0.663541 -0.500000
vn 0.413063 -0.492498 -0.766044
vn 0.219786 -0.262053 -0.939693
vn 0.000000 -0.000000 -1.000000
vn 0.000000 0.000000 -1.000000
vn -0.254952 0.227986 -0.939693
vn -0.479152 0.428473 -0.766044
vn -0.645560 0.577280 -0.500000
vn -0.734104 0.656458 -0.173648
vn -0.734104 0.656458 0.173648
vn -0.645560 0.577280 0.500000
vn -0.479152 0.428473 0.766044
vn -0.254952 0.227986 0.939693
vn -0.000000 0.000000 1.000000
vn 0.254952 -0.227986 0.939693
vn 0.479152 -0.428473 0.766044
vn 0.645560 -0.577280 0.500000
vn 0.734104 -0.656458 0.173648
vn 0.734104 -0.656458 -0.173648
vn 0.645560 -0.577280 -0.500000
vn 0.479152 -0.428473 -0.766044
vn 0.254952 -0.227986 -0.939693
vn 0.000000 -0.000000 -1.000000
vn 0.000000 0.000000 -1.000000
vn -0.278169 0.198998 -0.939693
vn -0.522786 0.373993 -0.766044
vn -0.704348 0.503879 -0.500000
vn -0.800955 0.572991 -0.173648
vn -0.800955 0.572991 0.173648
vn -0.704348 0.503879 0.500000
vn -0.522786 0.373993 0.766044
vn -0.278169 0.198998 0.939693
vn -0.000000 0.000000 1.000000
vn 0.278169 -0.198998 0.939693
vn 0.522786 -0.373993 0.766044
vn 0.704348 -0.503879 0.500000
vn 0.800955 -0.572991 0.173648
vn 0.800955 -0.572991 -0.173648
vn 0.704348 -0.503879 -0.500000
vn 0.522786 -0.373993 -0.766044
vn 0.278169 -0.198998 -0.939693
vn 0.000000 -0.000000 -1.000000
vn 0.000000 0.000000 -1.000000
vn -0.286719 0.186467 -0.939693
vn -0.538855 0.350444 -0.766044
vn -0.725997 0.472152 -0.500000
vn -0.825574 0.536912 -0.173648
vn -0.825574 0.536912 0.173648
vn -0.725997 0.472152 0.500000
vn -0.538855 0.350444 0.766044
vn -0.286719 0.186467 0.939693
vn -0.000000 0.000000 1.000000
vn 0.286719 -0.186467 0.939693
vn 0.538855 -0.350444 0.766044
vn 0.725997 -0.472152 0.500000
vn 0.825574 -0.536912 0.173648
vn 0.825574 -0.536912 -0.173648
vn 0.725997 -0.472152 -0.500000
vn 0.538855 -0.350444 -0.766044
vn 0.286719 -0.186467 -0.939693
vn 0.000000 -0.000000 -1.000000
vn 0.990371 0.138439 -0.000000
vn 0.545194 0.838310 0.000000
vn 0.374607 -0.927184 0.000000
vn 0.324419 -0.802965 0.500000
vn 0.187303 -0.463592 0.866025
vn 0.000000 -0.000000 1.000000
vn -0.187303 0.463592 0.866025
vn -0.324419 0.802965 0.500000
vn -0.374607 0.927184 0.000000
vn -0.324419 0.802965 -0.500000
vn -0.187303 0.463592 -0.866025
vn -0.000000 0.000000 -1.000000
vn 0.187303 -0.463592 -0.866025
vn 0.324419 -0.802965 -0.500000
vn 0.374607 -0.927184 -0.000000
vn 0.472271 -0.881453 0.000000
vn 0.408999 -0.763361 0.500000
vn 0.236136 -0.440727 0.866025
vn 0.000000 -0.000000 1.000000
vn -0.236136 0.440727 0.866025
vn -0.408999 0.763361 0.500000
vn -0.472271 0.881453 0.000000
vn -0.408999 0.763361 -0.500000
vn -0.236136 0.440727 -0.866025
vn -0.000000 0.000000 -1.000000
vn 0.236136 -0.440727 -0.866025
vn 0.408999 -0.763361 -0.500000
vn 0.472271 -0.881453 -0.000000
vn 0.564443 -0.825472 0.000000
vn 0.488822 -0.714880 0.500000
vn 0.282222 -0.412736 0.866025
vn 0.000000 -0.000000 1.000000
vn -0.282222 0.412736 0.866025
vn -0.488822 0.714880 0.500000
vn -0.564443 0.825472 0.000000
vn -0.488822 0.714880 -0.500000
vn -0.282222 0.412736 -0.866025
vn -0.000000 0.000000 -1.000000
vn 0.282222 -0.412736 -0.866025
vn 0.488822 -0.714880 -0.500000
vn 0.564443 -0.825472 -0.000000
vn 0.650051 -0.759890 0.000000
vn 0.562961 -0.658084 0.500000
vn 0.325026 -0.379945 0.866025
vn 0.000000 -0.000000 1.000000
vn -0.325026 0.379945 0.866025
vn -0.562961 0.658084 0.500000
vn -0.650051 0.759890 0.000000
vn -0.562961 0.658084 -0.500000
vn -0.325026 0.379945 -0.866025
vn -0.000000 0.000000 -1.000000
vn 0.325026 -0.379945 -0.866025
vn 0.562961 -0.658084 -0.500000
vn 0.650051 -0.759890 -0.000000
vn 0.728099 -0.685472 0.000000
vn 0.630552 -0.593636 0.500000
vn 0.364050 -0.342736 0.866025
vn 0.000000 -0.000000 1.000000
vn -0.364050 0.342736 0.866025
vn -0.630552 0.593636 0.500000
vn -0.728099 0.685472 0.000000
vn -0.630552 0.593636 -0.500000
vn -0.364050 0.342736 -0.866025
vn -0.000000 0.000000 -1.000000
vn 0.364050 -0.342736 -0.866025
vn 0.630552 -0.593636 -0.500000
vn 0.728099 -0.685472 -0.000000
vn 0.797680 -0.603081 0.000000
vn 0.690811 -0.522284 0.500000
vn 0.398840 -0.301541 0.866025
vn 0.000000 -0.000000 1.000000
vn -0.398840 0.301541 0.866025
vn -0.690811 0.522284 0.500000
vn -0.797680 0.603081 0.000000
vn -0.690811 0.522284 -0.500000
vn -0.398840 0.301541 -0.866025
vn -0.000000 0.000000 -1.000000
vn 0.398840 -0.301541 -0.866025
vn 0.690811 -0.522284 -0.500000
vn 0.797680 -0.603081 -0.000000
vn 0.857983 -0.513677 0.000000
vn 0.743035 -0.444858 0.500000
vn 0.428992 -0.256839 0.866025
vn 0.000000 -0.000000 1.000000
vn -0.428992 0.256839 0.866025
vn -0.743035 0.444858 0.500000
vn -0.857983 0.513677 0.000000
vn -0.743035 0.444858 -0.500000
vn -0.428992 0.256839 -0.866025
vn -0.000000 0.000000 -1.000000
vn 0.428992 -0.256839 -0.866025
vn 0.743035 -0.444858 -0.500000
vn 0.857983 -0.513677 -0.000000
vn 0.908309 -0.418299 0.000000
vn 0.786619 -0.362258 0.500000
vn 0.454155 -0.209150 0.866025
vn 0.000000 -0.000000 1.000000
vn -0.454155 0.209150 0.866025
vn -0.786619 0.362258 0.500000
vn -0.908309 0.418299 0.000000
vn -0.786619 0.362258 -0.500000
vn -0.454155 0.209150 -0.866025
vn -0.000000 0.000000 -1.000000
vn 0.454155 -0.209150 -0.866025
vn 0.786619 -0.362258 -0.500000
vn 0.908309 -0.418299 -0.000000
vn 0.948072 -0.318057 0.000000
vn 0.821054 -0.275445 0.500000
vn 0.474036 -0.159028 0.866025
vn 0.000000 -0.000000 1.000000
vn -0.474036 0.159028 0.866025
vn -0.821054 0.275445 0.500000
vn -0.948072 0.318057 0.000000
vn -0.821054 0.275445 -0.500000
vn -0.474036 0.159028 -0.866025
vn -0.000000 0.000000 -1.000000
vn 0.474036 -0.159028 -0.866025
vn 0.821054 -0.275445 -0.500000
vn 0.948072 -0.318057 -0.000000
vn 0.976808 -0.214115 0.000000
vn 0.845941 -0.185429 0.500000
vn 0.488404 -0.107058 0.866025
vn 0.000000 -0.000000 1.000000
vn -0.488404 0.107058 0.866025
vn -0.845941 0.185429 0.500000
vn -0.976808 0.214115 0.000000
vn -0.845941 0.185429 -0.500000
vn -0.488404 0.107058 -0.866025
vn -0.000000 0.000000 -1.000000
vn 0.488404 -0.107058 -0.866025
vn 0.845941 -0.185429 -0.500000
vn 0.976808 -0.214115 -0.000000
vn 0.994185 -0.107684 0.000000
vn 0.860990 -0.093257 0.500000
vn 0.497093 -0.053842 0.866025
vn 0.000000 -0.000000 1.000000
vn -0.497093 0.053842 0.866025
vn -0.860990 0.093257 0.500000
vn -0.994185 0.107684 0.000000
vn -0.860990 0.093257 -0.500000
vn -0.497093 0.053842 -0.866025
vn -0.000000 0.000000 -1.000000
vn 0.497093 -0.053842 -0.866025
vn 0.860990 -0.093257 -0.500000
vn 0.994185 -0.107684 -0.000000
vn 1.000000 0.000000 0.000000
vn 0.866025 0.000000 0.500000
vn 0.500000 0.000000 0.866025
vn 0.000000 0.000000 1.000000
vn -0.500000 0.000000 0.866025
vn -0.866025 0.000000 0.500000
vn -1.000000 0.000000 0.000000
vn -0.866025 -0.000000 -0.500000
vn -0.500000 -0.000000 -0.866025
vn -0.000000 -0.000000 -1.000000
vn 0.500000 0.000000 -0.866025
vn 0.866025 0.000000 -0.500000
vn 1.000000 0.000000 -0.000000
vn 0.994185 0.107684 0.000000
vn 0.860990 0.093257 0.500000
vn 0.497093 0.053842 0.866025
vn 0.000000 0.000000 1.000000
vn -0.497093 -0.053842 0.866025
vn -0.860990 -0.093257 0.500000
vn -0.994185 -0.107684 0.000000
vn -0.860990 -0.093257 -0.500000
vn -0.497093 -0.053842 -0.866025
vn -0.000000 -0.000000 -1.000000
vn 0.497093 0.053842 -0.866025
vn 0.860990 0.093257 -0.500000
vn 0.994185 0.107684 -0.000000
vn 0.976808 0.214115 0.000000
vn 0.845941 0.185429 0.500000
vn 0.488404 0.107058 0.866025
vn 0.000000 0.000000 1.000000
vn -0.488404 -0.107058 0.866025
vn -0.845941 -0.185429 0.500000
vn -0.976808 -0.214115 0.000000
vn -0.845941 -0.185429 -0.500000
vn -0.488404 -0.107058 -0.866025
vn -0.000000 -0.000000 -1.000000
vn 0.488404 0.107058 -0.866025
vn 0.845941 0.185429 -0.500000
vn 0.976808 0.214115 -0.000000
vn 0.948072 0.318057 0.000000
vn 0.821054 0.275445 0.500000
vn 0.474036 0.159028 0.866025
vn 0.000000 0.000000 1.000000
vn -0.474036 -0.159028 0.866025
vn -0.821054 -0.275445 0.500000
vn -0.948072 -0.318057 0.000000
vn -0.821054 -0.275445 -0.500000
vn -0.474036 -0.159028 -0.866025
vn -0.000000 -0.000000 -1.000000
vn 0.474036 0.159028 -0.866025
vn 0.821054 0.275445 -0.500000
vn 0.948072 0.318057 -0.000000
vn 0.908309 0.418299 0.000000
vn 0.786619 0.362258 0.500000
vn 0.454155 0.209150 0.866025
vn 0.000000 0.000000 1.000000
vn -0.454155 -0.209150 0.866025
vn -0.786619 -0.362258 0.500000
vn -0.908309 -0.418299 0.000000
vn -0.786619 -0.362258 -0.500000
vn -0.454155 -0.209150 -0.866025
vn -0.000000 -0.000000 -1.000000
vn 0.454155 0.209150 -0.866025
vn 0.786619 0.362258 -0.500000
vn 0.908309 0.418299 -0.000000
vn 0.857983 0.513677 0.000000
vn 0.743035 0.444858 0.500000
vn 0.428992 0.256839 0.866025
vn 0.000000 0.000000 1.000000
vn -0.428992 -0.256839 0.866025
vn -0.743035 -0.444858 0.500000
vn -0.857983 -0.513677 0.000000
vn -0.743035 -0.444858 -0.500000
vn -0.428992 -0.256839 -0.866025
vn -0.000000 -0.000000 -1.000000
vn 0.428992 0.256839 -0.866025
vn 0.743035 0.444858 -0.500000
vn 0.857983 0.513677 -0.000000
vn 0.797680 0.603081 0.000000
vn 0.690811 0.522284 0.500000
vn 0.398840 0.301541 0.866025
vn 0.000000 0.000000 1.000000
vn -0.398840 -0.301541 0.866025
vn -0.690811 -0.522284 0.500000
vn -0.797680 -0.603081 0.000000
vn -0.690811 -0.522284 -0.500000
vn -0.398840 -0.301541 -0.866025
vn -0.000000 -0.000000 -1.000000
vn 0.398840 0.301541 -0.866025
vn 0.690811 0.522284 -0.500000
vn 0.797680 0.603081 -0.000000
vn 0.728099 0.685472 0.000000
vn 0.630552 0.593636 0.500000
vn 0.364050 0.342736 0.866025
vn 0.000000 0.000000 1.000000
vn -0.364050 -0.342736 0.866025
vn -0.630552 -0.593636 0.500000
vn -0.728099 -0.685472 0.000000
vn -0.630552 -0.593636 -0.500000
vn -0.364050 -0.342736 -0.866025
vn -0.000000 -0.000000 -1.000000
vn 0.364050 0.342736 -0.866025
vn 0.630552 0.593636 -0.500000
vn 0.728099 0.685472 -0.000000
vn 0.650051 0.759890 0.000000
vn 0.562961 0.658084 0.500000
vn 0.325026 0.379945 0.866025
vn 0.000000 0.000000 1.000000
vn -0.325026 -0.379945 0.866025
vn -0.562961 -0.658084 0.500000
vn -0.650051 -0.759890 0.000000
vn -0.562961 -0.658084 -0.500000
vn -0.325026 -0.379945 -0.866025
vn -0.000000 -0.000000 -1.000000
vn 0.325026 0.379945 -0.866025
vn 0.562961 0.658084 -0.500000
vn 0.650051 0.759890 -0.000000
vn 0.564443 0.825472 0.000000
vn 0.488822 0.714880 0.500000
vn 0.282222 0.412736 0.866025
vn 0.000000 0.000000 1.000000
vn -0.282222 -0.412736 0.866025
vn -0.488822 -0.714880 0.500000
vn -0.564443 -0.825472 0.000000
vn -0.488822 -0.714880 -0.500000
vn -0.282222 -0.412736 -0.866025
vn -0.000000 -0.000000 -1.000000
vn 0.282222 0.412736 -0.866025
vn 0.488822 0.714880 -0.500000
vn 0.564443 0.825472 -0.000000
vn 0.472271 0.881453 0.000000
vn 0.408999 0.763361 0.500000
vn 0.236136 0.440727 0.866025
vn 0.000000 0.000000 1.000000
vn -0.236136 -0.440727 0.866025
vn -0.408999 -0.763361 0.500000
vn -0.472271 -0.881453 0.000000
vn -0.408999 -0.763361 -0.500000
vn -0.236136 -0.440727 -0.866025
vn -0.000000 -0.000000 -1.000000
vn 0.236136 0.440727 -0.866025
vn 0.408999 0.763361 -0.500000
vn 0.472271 0.881453 -0.000000
vn 0.374607 0.927184 0.000000
vn 0.324419 0.802965 0.500000
vn 0.187303 0.463592 0.866025
vn 0.000000 0.000000 1.000000
vn -0.187303 -0.463592 0.866025
vn -0.324419 -0.802965 0.500000
vn -0.374607 -0.927184 0.000000
vn -0.324419 -0.802965 -0.500000
vn -0.187303 -0.463592 -0.866025
vn -0.000000 -0.000000 -1.000000
vn 0.187303 0.463592 -0.866025
vn 0.324419 0.802965 -0.500000
vn 0.374607 0.927184 -0.000000
usemtl teapot_glaze
f 2/2/2 34/34/34 35/35/35
f 3/3/3 35/35/35 36/36/36
f 4/4/4 36/36/36 37/37/37
f 5/5/5 37/37/37 38/38/38
f 6/6/6 38/38/38 39/39/39
f 7/7/7 39/39/39 40/40/40
f 8/8/8 40/40/40 41/41/41
f 9/9/9 41/41/41 42/42/42
f 10/10/10 42/42/42 43/43/43
f 11/11/11 43/43/43 44/44/44
f 12/12/12 44/44/44 45/45/45
f 13/13/13 45/45/45 46/46/46
f 14/14/14 46/46/46 47/47/47
f 15/15/15 47/47/47 48/48/48
f 16/16/16 48/48/48 49/49/49
f 17/17/17 49/49/49 50/50/50
f 18/18/18 50/50/50 51/51/51
f 19/19/19 51/51/51 52/52/52
f 20/20/20 52/52/52 53/53/53
f 21/21/21 53/53/53 54/54/54
f 22/22/22 54/54/54 55/55/55
f 23/23/23 55/55/55 56/56/56
f 24/24/24 56/56/56 57/57/57
f 25/25/25 57/57/57 58/58/58
f 26/26/26 58/58/58 59/59/59
f 27/27/27 59/59/59 60/60/60
f 28/28/28 60/60/60 61/61/61
f 29/29/29 61/61/61 62/62/62
f 30/30/30 62/62/62 63/63/63
f 31/31/31 63/63/63 64/64/64
f 32/32/32 64/64/64 65/65/65
f 33/33/33 65/65/65 66/66/66
f 34/34/34 67/67/67 35/35/35
f 35/35/35 67/67/67 68/68/68
f 35/35/35 68/68/68 36/36/36
f 36/36/36 68/68/68 69/69/69
f 36/36/36 69/69/69 37/37/37
f 37/37/37 69/69/69 70/70/70
f 37/37/37 70/70/70 38/38/38
f 38/38/38 70/70/70 71/71/71
f 38/38/38 71/71/71 39/39/39
f 39/39/39 71/71/71 72/72/72
f 39/39/39 72/72/72 40/40/40
f 40/40/40 72/72/72 73/73/73
f 40/40/40 73/73/73 41/41/41
f 41/41/41 73/73/73 74/74/74
f 41/41/41 74/74/74 42/42/42
f 42/42/42 74/74/74 75/75/75
f 42/42/42 75/75/75 43/43/43
f 43/43/43 75/75/75 76/76/76
f 43/43/43 76/76/76 44/44/44
f 44/44/44 76/76/76 77/77/77
f 44/44/44 77/77/77 45/45/45
f 45/45/45 77/77/77 78/78/78
f 45/45/45 78/78/78 46/46/46
f 46/46/46 78/78/78 79/79/79
f 46/46/46 79/79/79 47/47/47
f 47/47/47 79/79/79 80/80/80
f 47/47/47 80/80/80 48/48/48
f 48/48/48 80/80/80 81/81/81
f 48/48/48 81/81/81 49/49/49
f 49/49/49 81/81/81 82/82/82
f 49/49/49 82/82/82 50/50/50
f 50/50/50 82/82/82 83/83/83
f 50/50/50 83/83/83 51/51/51
f 51/51/51 83/83/83 84/84/84
f 51/51/51 84/84/84 52/52/52
f 52/52/52 84/84/84 85/85/85
f 52/52/52 85/85/85 53/53/53
f 53/53/53 85/85/85 86/86/86
f 53/53/53 86/86/86 54/54/54
f 54/54/54 86/86/86 87/87/87
f 54/54/54 87/87/87 55/55/55
f 55/55/55 87/87/87 88/88/88
f 55/55/55 88/88/88 56/56/56
f 56/56/56 88/88/88 89/89/89
f 56/56/56 89/89/89 57/57/57
f 57/57/57 89/89/89 90/90/90
f 57/57/57 90/90/90 58/58/58
f 58/58/58 90/90/90 91/91/91
f 58/58/58 91/91/91 59/59/59
f 59/59/59 91/91/91 92/92/92
f 59/59/59 92/92/92 60/60/60
f 60/60/60 92/92/92 93/93/93
f 60/60/60 93/93/93 61/61/61
f 61/61/61 93/93/93 94/94/94
f 61/61/61 94/94/94 62/62/62
f 62/62/62 94/94/94 95/95/95
f 62/62/62 95/95/95 63/63/63
f 63/63/63 95/95/95 96/96/96
f 63/63/63 96/96/96 64/64/64
f 64/64/64 96/96/96 97/97/97
f 64/64/64 97/97/97 65/65/65
f 65/65/65 97/97/97 98/98/98
f 65/65/65 98/98/98 66/66/66
f 66/66/66 98/98/98 99/99/99
f 67/67/67 100/100/100 68/68/68
f 68/68/68 100/100/100 101/101/101
f 68/68/68 101/101/101 69/69/69
f 69/69/69 101/101/101 102/102/102
f 69/69/69 102/102/102 70/70/70
f 70/70/70 102/102/102 103/103/103
f 70/70/70 103/103/103 71/71/71
f 71/71/71 103/103/103 104/104/104
f 71/71/71 104/104/104 72/72/72
f 72/72/72 104/104/104 105/105/105
f 72/72/72 105/105/105 73/73/73
f 73/73/73 105/105/105 106/106/106
f 73/73/73 106/106/106 74/74/74
f 74/74/74 106/106/106 107/107/107
f 74/74/74 107/107/107 75/75/75
f 75/75/75 107/107/107 108/108/108
f 75/75/75 108/108/108 76/76/76
f 76/76/76 108/108/108 109/109/109
f 76/76/76 109/109/109 77/77/77
f 77/77/77 109/109/109 110/110/110
f 77/77/77 110/110/110 78/78/78
f 78/78/78 110/110/110 111/111/111
f 78/78/78 111/111/111 79/79/79
f 79/79/79 111/111/111 112/112/112
f 79/79/79 112/112/112 80/80/80
f 80/80/80 112/112/112 113/113/113
f 80/80/80 113/113/113 81/81/81
f 81/81/81 113/113/113 114/114/114
f 81/81/81 114/114/114 82/82/82
f 82/82/82 114/114/114 115/115/115
f 82/82/82 115/115/115 83/83/83
f 83/83/83 115/115/115 116/116/116
f 83/83/83 116/116/116 84/84/84
f 84/84/84 116/116/116 117/117/117
f 84/84/84 117/117/117 85/85/85
f 85/85/85 117/117/117 118/118/118
f 85/85/85 118/118/118 86/86/86
f 86/86/86 118/118/118 119/119/119
f 86/86/86 119/119/119 87/87/87
f 87/87/87 119/119/119 120/120/120
f 87/87/87 120/120/120 88/88/88
f 88/88/88 120/120/120 121/121/121
f 88/88/88 121/121/121 89/89/89
f 89/89/89 121/121/121 122/122/122
f 89/89/89 122/122/122 90/90/90
f 90/90/90 122/122/122 123/123/123
f 90/90/90 123/123/123 91/91/91
f 91/91/91 123/123/123 124/124/124
f 91/91/91 124/124/124 92/92/92
f 92/92/92 124/124/124 125/125/125
f 92/92/92 125/125/125 93/93/93
f 93/93/93 125/125/125 126/126/126
f 93/93/93 126/126/126 94/94/94
f 94/94/94 126/126/126 127/127/127
f 94/94/94 127/127/127 95/95/95
f 95/95/95 127/127/127 128/128/128
f 95/95/95 128/128/128 96/96/96
f 96/96/96 128/128/128 129/129/129
f 96/96/96 129/129/129 97/97/97
f 97/97/97 129/129/129 130/130/130
f 97/97/97 130/130/130 98/98/98
f 98/98/98 130/130/130 131/131/131
f 98/98/98 131/131/131 99/99/99
f 99/99/99 131/131/131 132/132/132
f 100/100/100 133/133/133 101/101/101
f 101/101/101 133/133/133 134/134/134
f 101/101/101 134/134/134 102/102/102
f 102/102/102 134/134/134 135/135/135
f 102/102/102 135/135/135 103/103/103
f 103/103/103 135/135/135 136/136/136
f 103/103/103 136/136/136 104/104/104
f 104/104/104 136/136/136 137/137/137
f 104/104/104 137/137/137 105/105/105
f 105/105/105 137/137/137 138/138/138
f 105/105/105 138/138/138 106/106/106
f 106/106/106 138/138/138 139/139/139
f 106/106/106 139/139/139 107/107/107
f 107/107/107 139/139/139 140/140/140
f 107/107/107 140/140/140 108/108/108
f 108/108/108 140/140/140 141/141/141
f 108/108/108 141/141/141 109/109/109
f 109/109/109 141/141/141 142/142/142
f 109/109/109 142/142/142 110/110/110
f 110/110/110 142/142/142 143/143/143
f 110/110/110 143/143/143 111/111/111
f 111/111/111 143/143/143 144/144/144
f 111/111/111 144/144/144 112/112/112
f 112/112/112 144/144/144 145/145/145
f 112/112/112 145/145/145 113/113/113
f 113/113/113 145/145/145 146/146/146
f 113/113/113 146/146/146 114/114/114
f 114/114/114 146/146/146 147/147/147
f 114/114/114 147/147/147 115/115/115
f 115/115/115 147/147/147 148/148/148
f 115/115/115 148/148/148 116/116/116
f 116/116/116 148/148/148 149/149/149
f 116/116/116 149/149/149 117/117/117
f 117/117/117 149/149/149 150/150/150
f 117/117/117 150/150/150 118/118/118
f 118/118/118 150/150/150 151/151/151
f 118/118/118 151/151/151 119/119/119
f 119/119/119 151/151/151 152/152/152
f 119/119/119 152/152/152 120/120/120
f 120/120/120 152/152/152 153/153/153
f 120/120/120 153/153/153 121/121/121
f 121/121/121 153/153/153 154/154/154
f 121/121/121 154/154/154 122/122/122
f 122/122/122 154/154/154 155/155/155
f 122/122/122 155/155/155 123/123/123
f 123/123/123 155/155/155 156/156/156
f 123/123/123 156/156/156 124/124/124
f 124/124/124 156/156/156 157/157/157
f 124/124/124 157/157/157 125/125/125
f 125/125/125 157/157/157 158/158/158
f 125/125/125 158/158/158 126/126/126
f 126/126/126 158/158/158 159/159/159
f 126/126/126 159/159/159 127/127/127
f 127/127/127 159/159/159 160/160/160
f 127/127/127 160/160/160 128/128/128
f 128/128/128 160/160/160 161/161/161
f 128/128/128 161/161/161 129/129/129
f 129/129/129 161/161/161 162/162/162
f 129/129/129 162/162/162 130/130/130
f 130/130/130 162/162/162 163/163/163
f 130/130/130 163/163/163 131/131/131
f 131/131/131 163/163/163 164/164/164
f 131/131/131 164/164/164 132/132/132
f 132/132/132 164/164/164 165/165/165
f 133/133/133 166/166/166 134/134/134
f 134/134/134 166/166/166 167/167/167
f 134/134/134 167/167/167 135/135/135
f 135/135/135 167/167/167 168/168/168
f 135/135/135 168/168/168 136/136/136
f 136/136/136 168/168/168 169/169/169
f 136/136/136 169/169/169 137/137/137
f 137/137/137 169/169/169 170/170/170
f 137/137/137 170/170/170 138/138/138
f 138/138/138 170/170/170 171/171/171
f 138/138/138 171/171/171 139/139/139
f 139/139/139 171/171/171 172/172/172
f 139/139/139 172/172/172 140/140/140
f 140/140/140 172/172/172 173/173/173
f 140/140/140 173/173/173 141/141/141
f 141/141/141 173/173/173 174/174/174
f 141/141/141 174/174/174 142/142/142
f 142/142/142 174/174/174 175/175/175
f 142/142/142 175/175/175 143/143/143
f 143/143/143 175/175/175 176/176/176
f 143/143/143 176/176/176 144/144/144
f 144/144/144 176/176/176 177/177/177
f 144/144/144 177/177/177 145/145/145
f 145/145/145 177/177/177 178/178/178
f 145/145/145 178/178/178 146/146/146
f 146/146/146 178/178/178 179/179/179
f 146/146/146 179/179/179 147/147/147
f 147/147/147 179/179/179 180/180/180
f 147/147/147 180/180/180 148/148/148
f 148/148/148 180/180/180 181/181/181
f 148/148/148 181/181/181 149/149/149
f 149/149/149 181/181/181 182/182/182
f 149/149/149 182/182/182 150/150/150
f 150/150/150 182/182/182 183/183/183
f 150/150/150 183/183/183 151/151/151
f 151/151/151 183/183/183 184/184/184
f 151/151/151 184/184/184 152/152/152
f 152/152/152 184/184/184 185/185/185
f 152/152/152 185/185/185 153/153/153
f 153/153/153 185/185/185 186/186/186
f 153/153/153 186/186/186 154/154/154
f 154/154/154 186/186/186 187/187/187
f 154/154/154 187/187/187 155/155/155
f 155/155/155 187/187/187 188/188/188
f 155/155/155 188/188/188 156/156/156
f 156/156/156 188/188/188 189/189/189
f 156/156/156 189/189/189 157/157/157
f 157/157/157 189/189/189 190/190/190
f 157/157/157 190/190/190 158/158/158
f 158/158/158 190/190/190 191/191/191
f 158/158/158 191/191/191 159/159/159
f 159/159/159 191/191/191 192/192/192
f 159/159/159 192/192/192 160/160/160
f 160/160/160 192/192/192 193/193/193
f 160/160/160 193/193/193 161/161/161
f 161/161/161 193/193/193 194/194/194
f 161/161/161 194/194/194 162/162/162
f 162/162/162 194/194/194 195/195/195
f 162/162/162 195/195/195 163/163/163
f 163/163/163 195/195/195 196/196/196
f 163/163/163 196/196/196 164/164/164
f 164/164/164 196/196/196 197/197/197
f 164/164/164 197/197/197 165/165/165
f 165/165/165 197/197/197 198/198/198
f 166/166/166 199/199/199 167/167/167
f 167/167/167 199/199/199 200/200/200
f 167/167/167 200/200/200 168/168/168
f 168/168/168 200/200/200 201/201/201
f 168/168/168 201/201/201 169/169/169
f 169/169/169 201/201/201 202/202/202
f 169/169/169 202/202/202 170/170/170
f 170/170/170 202/202/202 203/203/203
f 170/170/170 203/203/203 171/171/171
f 171/171/171 203/203/203 204/204/204
f 171/171/171 204/204/204 172/172/172
f 172/172/172 204/204/204 205/205/205
f 172/172/172 205/205/205 173/173/173
f 173/173/173 205/205/205 206/206/206
f 173/173/173 206/206/206 174/174/174
f 174/174/174 206/206/206 207/207/207
f 174/174/174 207/207/207 175/175/175
f 175/175/175 207/207/207 208/208/208
f 175/175/175 208/208/208 176/176/176
f 176/176/176 208/208/208 209/209/209
f 176/176/176 209/209/209 177/177/177
f 177/177/177 209/209/209 210/210/210
f 177/177/177 210/210/210 178/178/178
f 178/178/178 210/210/210 211/211/211
f 178/178/178 211/211/211 179/179/179
f 179/179/179 211/211/211 212/212/212
f 179/179/179 212/212/212 180/180/180
f 180/180/180 212/212/212 213/213/213
f 180/180/180 213/213/213 181/181/181
f 181/181/181 213/213/213 214/214/214
f 181/181/181 214/214/214 182/182/182
f 182/182/182 214/214/214 215/215/215
f 182/182/182 215/215/215 183/183/183
f 183/183/183 215/215/215 216/216/216
f 183/183/183 216/216/216 184/184/184
f 184/184/184 216/216/216 217/217/217
f 184/184/184 217/217/217 185/185/185
f 185/185/185 217/217/217 218/218/218
f 185/185/185 218/218/218 186/186/186
f 186/186/186 218/218/218 219/219/219
f 186/186/186 219/219/219 187/187/187
f 187/187/187 219/219/219 220/220/220
f 187/187/187 220/220/220 188/188/188
f 188/188/188 220/220/220 221/221/221
f 188/188/188 221/221/221 189/189/189
f 189/189/189 221/221/221 222/222/222
f 189/189/189 222/222/222 190/190/190
f 190/190/190 222/222/222 223/223/223
f 190/190/190 223/223/223 191/191/191
f 191/191/191 223/223/223 224/224/224
f 191/191/191 224/224/224 192/192/192
f 192/192/192 224/224/224 225/225/225
f 192/192/192 225/225/225 193/193/193
f 193/193/193 225/225/225 226/226/226
f 193/193/193 226/226/226 194/194/194
f 194/194/194 226/226/226 227/227/227
f 194/194/194 227/227/227 195/195/195
f 195/195/195 227/227/227 228/228/228
f 195/195/195 228/228/228 196/196/196
f 196/196/196 228/228/228 229/229/229
f 196/196/196 229/229/229 197/197/197
f 197/197/197 229/229/229 230/230/230
f 197/197/197 230/230/230 198/198/198
f 198/198/198 230/230/230 231/231/231
f 199/199/199 232/232/232 200/200/200
f 200/200/200 232/232/232 233/233/233
f 200/200/200 233/233/233 201/201/201
f 201/201/201 233/233/233 234/234/234
f 201/201/201 234/234/234 202/202/202
f 202/202/202 234/234/234 235/235/235
f 202/202/202 235/235/235 203/203/203
f 203/203/203 235/235/235 236/236/236
f 203/203/203 236/236/236 204/204/204
f 204/204/204 236/236/236 237/237/237
f 204/204/204 237/237/237 205/205/205
f 205/205/205 237/237/237 238/238/238
f 205/205/205 238/238/238 206/206/206
f 206/206/206 238/238/238 239/239/239
f 206/206/206 239/239/239 207/207/207
f 207/207/207 239/239/239 240/240/240
f 207/207/207 240/240/240 208/208/208
f 208/208/208 240/240/240 241/241/241
f 208/208/208 241/241/241 209/209/209
f 209/209/209 241/241/241 242/242/242
f 209/209/209 242/242/242 210/210/210
f 210/210/210 242/242/242 243/243/243
f 210/210/210 243/243/243 211/211/211
f 211/211/211 243/243/243 244/244/244
f 211/211/211 244/244/244 212/212/212
f 212/212/212 244/244/244 245/245/245
f 212/212/212 245/245/245 213/213/213
f 213/213/213 245/245/245 246/246/246
f 213/213/213 246/246/246 214/214/214
f 214/214/214 246/246/246 247/247/247
f 214/214/214 247/247/247 215/215/215
f 215/215/215 247/247/247 248/248/248
f 215/215/215 248/248/248 216/216/216
f 216/216/216 248/248/248 249/249/249
f 216/216/216 249/249/249 217/217/217
f 217/217/217 249/249/249 250/250/250
f 217/217/217 250/250/250 218/218/218
f 218/218/218 250/250/250 251/251/251
f 218/218/218 251/251/251 219/219/219
f 219/219/219 251/251/251 252/252/252
f 219/219/219 252/252/252 220/220/220
f 220/220/220 252/252/252 253/253/253
f 220/220/220 253/253/253 221/221/221
f 221/221/221 253/253/253 254/254/254
f 221/221/221 254/254/254 222/222/222
f 222/222/222 254/254/254 255/255/255
f 222/222/222 255/255/255 223/223/223
f 223/223/223 255/255/255 256/256/256
f 223/223/223 256/256/256 224/224/224
f 224/224/224 256/256/256 257/257/257
f 224/224/224 257/257/257 225/225/225
f 225/225/225 257/257/257 258/258/258
f 225/225/225 258/258/258 226/226/226
f 226/226/226 258/258/258 259/259/259
f 226/226/226 259/259/259 227/227/227
f 227/227/227 259/259/259 260/260/260
f 227/227/227 260/260/260 228/228/228
f 228/228/228 260/260/260 261/261/261
f 228/228/228 261/261/261 229/229/229
f 229/229/229 261/261/261 262/262/262
f 229/229/229 262/262/262 230/230/230
f 230/230/230 262/262/262 263/263/263
f 230/230/230 263/263/263 231/231/231
f 231/231/231 263/263/263 264/264/264
f 232/232/232 265/265/265 233/233/233
f 233/233/233 265/265/265 266/266/266
f 233/233/233 266/266/266 234/234/234
f 234/234/234 266/266/266 267/267/267
f 234/234/234 267/267/267 235/235/235
f 235/235/235 267/267/267 268/268/268
f 235/235/235 268/268/268 236/236/236
f 236/236/236 268/268/268 269/269/269
f 236/236/236 269/269/269 237/237/237
f 237/237/237 269/269/269 270/270/270
f 237/237/237 270/270/270 238/238/238
f 238/238/238 270/270/270 271/271/271
f 238/238/238 271/271/271 239/239/239
f 239/239/239 271/271/271 272/272/272
f 239/239/239 272/272/272 240/240/240
f 240/240/240 272/272/272 273/273/273
f 240/240/240 273/273/273 241/241/241
f 241/241/241 273/273/273 274/274/274
f 241/241/241 274/274/274 242/242/242
f 242/242/242 274/274/274 275/275/275
f 242/242/242 275/275/275 243/243/243
f 243/243/243 275/275/275 276/276/276
f 243/243/243 276/276/276 244/244/244
f 244/244/244 276/276/276 277/277/277
f 244/244/244 277/277/277 245/245/245
f 245/245/245 277/277/277 278/278/278
f 245/245/245 278/278/278 246/246/246
f 246/246/246 278/278/278 279/279/279
f 246/246/246 279/279/279 247/247/247
f 247/247/247 279/279/279 280/280/280
f 247/247/247 280/280/280 248/248/248
f 248/248/248 280/280/280 281/281/281
f 248/248/248 281/281/281 249/249/249
f 249/249/249 281/281/281 282/282/282
f 249/249/249 282/282/282 250/250/250
f 250/250/250 282/282/282 283/283/283
f 250/250/250 283/283/283 251/251/251
f 251/251/251 283/283/283 284/284/284
f 251/251/251 284/284/284 252/252/252
f 252/252/252 284/284/284 285/285/285
f 252/252/252 285/285/285 253/253/253
f 253/253/253 285/285/285 286/286/286
f 253/253/253 286/286/286 254/254/254
f 254/254/254 286/286/286 287/287/287
f 254/254/254 287/287/287 255/255/255
f 255/255/255 287/287/287 288/288/288
f 255/255/255 288/288/288 256/256/256
f 256/256/256 288/288/288 289/289/289
f 256/256/256 289/289/289 257/257/257
f 257/257/257 289/289/289 290/290/290
f 257/257/257 290/290/290 258/258/258
f 258/258/258 290/290/290 291/291/291
f 258/258/258 291/291/291 259/259/259
f 259/259/259 291/291/291 292/292/292
f 259/259/259 292/292/292 260/260/260
f 260/260/260 292/292/292 293/293/293
f 260/260/260 293/293/293 261/261/261
f 261/261/261 293/293/293 294/294/294
f 261/261/261 294/294/294 262/262/262
f 262/262/262 294/294/294 295/295/295
f 262/262/262 295/295/295 263/263/263
f 263/263/263 295/295/295 296/296/296
f 263/263/263 296/296/296 264/264/264
f 264/264/264 296/296/296 297/297/297
f 265/265/265 298/298/298 266/266/266
f 266/266/266 298/298/298 299/299/299
f 266/266/266 299/299/299 267/267/267
f 267/267/267 299/299/299 300/300/300
f 267/267/267 300/300/300 268/268/268
f 268/268/268 300/300/300 301/301/301
f 268/268/268 301/301/301 269/269/269
f 269/269/269 301/301/301 302/302/302
f 269/269/269 302/302/302 270/270/270
f 270/270/270 302/302/302 303/303/303
f 270/270/270 303/303/303 271/271/271
f 271/271/271 303/303/303 304/304/304
f 271/271/271 304/304/304 272/272/272
f 272/272/272 304/304/304 305/305/305
f 272/272/272 305/305/305 273/273/273
f 273/273/273 305/305/305 306/306/306
f 273/273/273 306/306/306 274/274/274
f 274/274/274 306/306/306 307/307/307
f 274/274/274 307/307/307 275/275/275
f 275/275/275 307/307/307 308/308/308
f 275/275/275 308/308/308 276/276/276
f 276/276/276 308/308/308 309/309/309
f 276/276/276 309/309/309 277/277/277
f 277/277/277 309/309/309 310/310/310
f 277/277/277 310/310/310 278/278/278
f 278/278/278 310/310/310 311/311/311
f 278/278/278 311/311/311 279/279/279
f 279/279/279 311/311/311 312/312/312
f 279/279/279 312/312/312 280/280/280
f 280/280/280 312/312/312 313/313/313
f 280/280/280 313/313/313 281/281/281
f 281/281/281 313/313/313 314/314/314
f 281/281/281 314/314/314 282/282/282
f 282/282/282 314/314/314 315/315/315
f 282/282/282 315/315/315 283/283/283
f 283/283/283 315/315/315 316/316/316
f 283/283/283 316/316/316 284/284/284
f 284/284/284 316/316/316 317/317/317
f 284/284/284 317/317/317 285/285/285
f 285/285/285 317/317/317 318/318/318
f 285/285/285 318/318/318 286/286/286
f 286/286/286 318/318/318 319/319/319
f 286/286/286 319/319/319 287/287/287
f 287/287/287 319/319/319 320/320/320
f 287/287/287 320/320/320 288/288/288
f 288/288/288 320/320/320 321/321/321
f 288/288/288 321/321/321 289/289/289
f 289/289/289 321/321/321 322/322/322
f 289/289/289 322/322/322 290/290/290
f 290/290/290 322/322/322 323/323/323
f 290/290/290 323/323/323 291/291/291
f 291/291/291 323/323/323 324/324/324
f 291/291/291 324/324/324 292/292/292
f 292/292/292 324/324/324 325/325/325
f 292/292/292 325/325/325 293/293/293
f 293/293/293 325/325/325 326/326/326
f 293/293/293 326/326/326 294/294/294
f 294/294/294 326/326/326 327/327/327
f 294/294/294 327/327/327 295/295/295
f 295/295/295 327/327/327 328/328/328
f 295/295/295 328/328/328 296/296/296
f 296/296/296 328/328/328 329/329/329
f 296/296/296 329/329/329 297/297/297
f 297/297/297 329/329/329 330/330/330
f 298/298/298 331/331/331 299/299/299
f 299/299/299 331/331/331 332/332/332
f 299/299/299 332/332/332 300/300/300
f 300/300/300 332/332/332 333/333/333
f 300/300/300 333/333/333 301/301/301
f 301/301/301 333/333/333 334/334/334
f 301/301/301 334/334/334 302/302/302
f 302/302/302 334/334/334 335/335/335
f 302/302/302 335/335/335 303/303/303
f 303/303/303 335/335/335 336/336/336
f 303/303/303 336/336/336 304/304/304
f 304/304/304 336/336/336 337/337/337
f 304/304/304 337/337/337 305/305/305
f 305/305/305 337/337/337 338/338/338
f 305/305/305 338/338/338 306/306/306
f 306/306/306 338/338/338 339/339/339
f 306/306/306 339/339/339 307/307/307
f 307/307/307 339/339/339 340/340/340
f 307/307/307 340/340/340 308/308/308
f 308/308/308 340/340/340 341/341/341
f 308/308/308 341/341/341 309/309/309
f 309/309/309 341/341/341 342/342/342
f 309/309/309 342/342/342 310/310/310
f 310/310/310 342/342/342 343/343/343
f 310/310/310 343/343/343 311/311/311
f 311/311/311 343/343/343 344/344/344
f 311/311/311 344/344/344 312/312/312
f 312/312/312 344/344/344 345/345/345
f 312/312/312 345/345/345 313/313/313
f 313/313/313 345/345/345 346/346/346
f 313/313/313 346/346/346 314/314/314
f 314/314/314 346/346/346 347/347/347
f 314/314/314 347/347/347 315/315/315
f 315/315/315 347/347/347 348/348/348
f 315/315/315 348/348/348 316/316/316
f 316/316/316 348/348/348 349/349/349
f 316/316/316 349/349/349 317/317/317
f 317/317/317 349/349/349 350/350/350
f 317/317/317 350/350/350 318/318/318
f 318/318/318 350/350/350 351/351/351
f 318/318/318 351/351/351 319/319/319
f 319/319/319 351/351/351 352/352/352
f 319/319/319 352/352/352 320/320/320
f 320/320/320 352/352/352 353/353/353
f 320/320/320 353/353/353 321/321/321
f 321/321/321 353/353/353 354/354/354
f 321/321/321 354/354/354 322/322/322
f 322/322/322 354/354/354 355/355/355
f 322/322/322 355/355/355 323/323/323
f 323/323/323 355/355/355 356/356/356
f 323/323/323 356/356/356 324/324/324
f 324/324/324 356/356/356 357/357/357
f 324/324/324 357/357/357 325/325/325
f 325/325/325 357/357/357 358/358/358
f 325/325/325 358/358/358 326/326/326
f 326/326/326 358/358/358 359/359/359
f 326/326/326 359/359/359 327/327/327
f 327/327/327 359/359/359 360/360/360
f 327/327/327 360/360/360 328/328/328
f 328/328/328 360/360/360 361/361/361
f 328/328/328 361/361/361 329/329/329
f 329/329/329 361/361/361 362/362/362
f 329/329/329 362/362/362 330/330/330
f 330/330/330 362/362/362 363/363/363
f 331/331/331 364/364/364 332/332/332
f 332/332/332 364/364/364 365/365/365
f 332/332/332 365/365/365 333/333/333
f 333/333/333 365/365/365 366/366/366
f 333/333/333 366/366/366 334/334/334
f 334/334/334 366/366/366 367/367/367
f 334/334/334 367/367/367 335/335/335
f 335/335/335 367/367/367 368/368/368
f 335/335/335 368/368/368 336/336/336
f 336/336/336 368/368/368 369/369/369
f 336/336/336 369/369/369 337/337/337
f 337/337/337 369/369/369 370/370/370
f 337/337/337 370/370/370 338/338/338
f 338/338/338 370/370/370 371/371/371
f 338/338/338 371/371/371 339/339/339
f 339/339/339 371/371/371 372/372/372
f 339/339/339 372/372/372 340/340/340
f 340/340/340 372/372/372 373/373/373
f 340/340/340 373/373/373 341/341/341
f 341/341/341 373/373/373 374/374/374
f 341/341/341 374/374/374 342/342/342
f 342/342/342 374/374/374 375/375/375
f 342/342/342 375/375/375 343/343/343
f 343/343/343 375/375/375 376/376/376
f 343/343/343 376/376/376 344/344/344
f 344/344/344 376/376/376 377/377/377
f 344/344/344 377/377/377 345/345/345
f 345/345/345 377/377/377 378/378/378
f 345/345/345 378/378/378 346/346/346
f 346/346/346 378/378/378 379/379/379
f 346/346/346 379/379/379 347/347/347
f 347/347/347 379/379/379 380/380/380
f 347/347/347 380/380/380 348/348/348
f 348/348/348 380/380/380 381/381/381
f 348/348/348 381/381/381 349/349/349
f 349/349/349 381/381/381 382/382/382
f 349/349/349 382/382/382 350/350/350
f 350/350/350 382/382/382 383/383/383
f 350/350/350 383/383/383 351/351/351
f 351/351/351 383/383/383 384/384/384
f 351/351/351 384/384/384 352/352/352
f 352/352/352 384/384/384 385/385/385
f 352/352/352 385/385/385 353/353/353
f 353/353/353 385/385/385 386/386/386
f 353/353/353 386/386/386 354/354/354
f 354/354/354 386/386/386 387/387/387
f 354/354/354 387/387/387 355/355/355
f 355/355/355 387/387/387 388/388/388
f 355/355/355 388/388/388 356/356/356
f 356/356/356 388/388/388 389/389/389
f 356/356/356 389/389/389 357/357/357
f 357/357/357 389/389/389 390/390/390
f 357/357/357 390/390/390 358/358/358
f 358/358/358 390/390/390 391/391/391
f 358/358/358 391/391/391 359/359/359
f 359/359/359 391/391/391 392/392/392
f 359/359/359 392/392/392 360/360/360
f 360/360/360 392/392/392 393/393/393
f 360/360/360 393/393/393 361/361/361
f 361/361/361 393/393/393 394/394/394
f 361/361/361 394/394/394 362/362/362
f 362/362/362 394/394/394 395/395/395
f 362/362/362 395/395/395 363/363/363
f 363/363/363 395/395/395 396/396/396
f 364/364/364 397/397/397 365/365/365
f 365/365/365 397/397/397 398/398/398
f 365/365/365 398/398/398 366/366/366
f 366/366/366 398/398/398 399/399/399
f 366/366/366 399/399/399 367/367/367
f 367/367/367 399/399/399 400/400/400
f 367/367/367 400/400/400 368/368/368
f 368/368/368 400/400/400 401/401/401
f 368/368/368 401/401/401 369/369/369
f 369/369/369 401/401/401 402/402/402
f 369/369/369 402/402/402 370/370/370
f 370/370/370 402/402/402 403/403/403
f 370/370/370 403/403/403 371/371/371
f 371/371/371 403/403/403 404/404/404
f 371/371/371 404/404/404 372/372/372
f 372/372/372 404/404/404 405/405/405
f 372/372/372 405/405/405 373/373/373
f 373/373/373 405/405/405 406/406/406
f 373/373/373 406/406/406 374/374/374
f 374/374/374 406/406/406 407/407/407
f 374/374/374 407/407/407 375/375/375
f 375/375/375 407/407/407 408/408/408
f 375/375/375 408/408/408 376/376/376
f 376/376/376 408/408/408 409/409/409
f 376/376/376 409/409/409 377/377/377
f 377/377/377 409/409/409 410/410/410
f 377/377/377 410/410/410 378/378/378
f 378/378/378 410/410/410 411/411/411
f 378/378/378 411/411/411 379/379/379
f 379/379/379 411/411/411 412/412/412
f 379/379/379 412/412/412 380/380/380
f 380/380/380 412/412/412 413/413/413
f 380/380/380 413/413/413 381/381/381
f 381/381/381 413/413/413 414/414/414
f 381/381/381 414/414/414 382/382/382
f 382/382/382 414/414/414 415/415/415
f 382/382/382 415/415/415 383/383/383
f 383/383/383 415/415/415 416/416/416
f 383/383/383 416/416/416 384/384/384
f 384/384/384 416/416/416 417/417/417
f 384/384/384 417/417/417 385/385/385
f 385/385/385 417/417/417 418/418/418
f 385/385/385 418/418/418 386/386/386
f 386/386/386 418/418/418 419/419/419
f 386/386/386 419/419/419 387/387/387
f 387/387/387 419/419/419 420/420/420
f 387/387/387 420/420/420 388/388/388
f 388/388/388 420/420/420 421/421/421
f 388/388/388 421/421/421 389/389/389
f 389/389/389 421/421/421 422/422/422
f 389/389/389 422/422/422 390/390/390
f 390/390/390 422/422/422 423/423/423
f 390/390/390 423/423/423 391/391/391
f 391/391/391 423/423/423 424/424/424
f 391/391/391 424/424/424 392/392/392
f 392/392/392 424/424/424 425/425/425
f 392/392/392 425/425/425 393/393/393
f 393/393/393 425/425/425 426/426/426
f 393/393/393 426/426/426 394/394/394
f 394/394/394 426/426/426 427/427/427
f 394/394/394 427/427/427 395/395/395
f 395/395/395 427/427/427 428/428/428
f 395/395/395 428/428/428 396/396/396
f 396/396/396 428/428/428 429/429/429
f 397/397/397 430/430/430 398/398/398
f 398/398/398 430/430/430 431/431/431
f 398/398/398 431/431/431 399/399/399
f 399/399/399 431/431/431 432/432/432
f 399/399/399 432/432/432 400/400/400
f 400/400/400 432/432/432 433/433/433
f 400/400/400 433/433/433 401/401/401
f 401/401/401 433/433/433 434/434/434
f 401/401/401 434/434/434 402/402/402
f 402/402/402 434/434/434 435/435/435
f 402/402/402 435/435/435 403/403/403
f 403/403/403 435/435/435 436/436/436
f 403/403/403 436/436/436 404/404/404
f 404/404/404 436/436/436 437/437/437
f 404/404/404 437/437/437 405/405/405
f 405/405/405 437/437/437 438/438/438
f 405/405/405 438/438/438 406/406/406
f 406/406/406 438/438/438 439/439/439
f 406/406/406 439/439/439 407/407/407
f 407/407/407 439/439/439 440/440/440
f 407/407/407 440/440/440 408/408/408
f 408/408/408 440/440/440 441/441/441
f 408/408/408 441/441/441 409/409/409
f 409/409/409 441/441/441 442/442/442
f 409/409/409 442/442/442 410/410/410
f 410/410/410 442/442/442 443/443/443
f 410/410/410 443/443/443 411/411/411
f 411/411/411 443/443/443 444/444/444
f 411/411/411 444/444/444 412/412/412
f 412/412/412 444/444/444 445/445/445
f 412/412/412 445/445/445 413/413/413
f 413/413/413 445/445/445 446/446/446
f 413/413/413 446/446/446 414/414/414
f 414/414/414 446/446/446 447/447/447
f 414/414/414 447/447/447 415/415/415
f 415/415/415 447/447/447 448/448/448
f 415/415/415 448/448/448 416/416/416
f 416/416/416 448/448/448 449/449/449
f 416/416/416 449/449/449 417/417/417
f 417/417/417 449/449/449 450/450/450
f 417/417/417 450/450/450 418/418/418
f 418/418/418 450/450/450 451/451/451
f 418/418/418 451/451/451 419/419/419
f 419/419/419 451/451/451 452/452/452
f 419/419/419 452/452/452 420/420/420
f 420/420/420 452/452/452 453/453/453
f 420/420/420 453/453/453 421/421/421
f 421/421/421 453/453/453 454/454/454
f 421/421/421 454/454/454 422/422/422
f 422/422/422 454/454/454 455/455/455
f 422/422/422 455/455/455 423/423/423
f 423/423/423 455/455/455 456/456/456
f 423/423/423 456/456/456 424/424/424
f 424/424/424 456/456/456 457/457/457
f 424/424/424 457/457/457 425/425/425
f 425/425/425 457/457/457 458/458/458
f 425/425/425 458/458/458 426/426/426
f 426/426/426 458/458/458 459/459/459
f 426/426/426 459/459/459 427/427/427
f 427/427/427 459/459/459 460/460/460
f 427/427/427 460/460/460 428/428/428
f 428/428/428 460/460/460 461/461/461
f 428/428/428 461/461/461 429/429/429
f 429/429/429 461/461/461 462/462/462
f 430/430/430 463/463/463 431/431/431
f 431/431/431 463/463/463 464/464/464
f 431/431/431 464/464/464 432/432/432
f 432/432/432 464/464/464 465/465/465
f 432/432/432 465/465/465 433/433/433
f 433/433/433 465/465/465 466/466/466
f 433/433/433 466/466/466 434/434/434
f 434/434/434 466/466/466 467/467/467
f 434/434/434 467/467/467 435/435/435
f 435/435/435 467/467/467 468/468/468
f 435/435/435 468/468/468 436/436/436
f 436/436/436 468/468/468 469/469/469
f 436/436/436 469/469/469 437/437/437
f 437/437/437 469/469/469 470/470/470
f 437/437/437 470/470/470 438/438/438
f 438/438/438 470/470/470 471/471/471
f 438/438/438 471/471/471 439/439/439
f 439/439/439 471/471/471 472/472/472
f 439/439/439 472/472/472 440/440/440
f 440/440/440 472/472/472 473/473/473
f 440/440/440 473/473/473 441/441/441
f 441/441/441 473/473/473 474/474/474
f 441/441/441 474/474/474 442/442/442
f 442/442/442 474/474/474 475/475/475
f 442/442/442 475/475/475 443/443/443
f 443/443/443 475/475/475 476/476/476
f 443/443/443 476/476/476 444/444/444
f 444/444/444 476/476/476 477/477/477
f 444/444/444 477/477/477 445/445/445
f 445/445/445 477/477/477 478/478/478
f 445/445/445 478/478/478 446/446/446
f 446/446/446 478/478/478 479/479/479
f 446/446/446 479/479/479 447/447/447
f 447/447/447 479/479/479 480/480/480
f 447/447/447 480/480/480 448/448/448
f 448/448/448 480/480/480 481/481/481
f 448/448/448 481/481/481 449/449/449
f 449/449/449 481/481/481 482/482/482
f 449/449/449 482/482/482 450/450/450
f 450/450/450 482/482/482 483/483/483
f 450/450/450 483/483/483 451/451/451
f 451/451/451 483/483/483 484/484/484
f 451/451/451 484/484/484 452/452/452
f 452/452/452 484/484/484 485/485/485
f 452/452/452 485/485/485 453/453/453
f 453/453/453 485/485/485 486/486/486
f 453/453/453 486/486/486 454/454/454
f 454/454/454 486/486/486 487/487/487
f 454/454/454 487/487/487 455/455/455
f 455/455/455 487/487/487 488/488/488
f 455/455/455 488/488/488 456/456/456
f 456/456/456 488/488/488 489/489/489
f 456/456/456 489/489/489 457/457/457
f 457/457/457 489/489/489 490/490/490
f 457/457/457 490/490/490 458/458/458
f 458/458/458 490/490/490 491/491/491
f 458/458/458 491/491/491 459/459/459
f 459/459/459 491/491/491 492/492/492
f 459/459/459 492/492/492 460/460/460
f 460/460/460 492/492/492 493/493/493
f 460/460/460 493/493/493 461/461/461
f 461/461/461 493/493/493 494/494/494
f 461/461/461 494/494/494 462/462/462
f 462/462/462 494/494/494 495/495/495
f 463/463/463 496/496/496 464/464/464
f 464/464/464 496/496/496 497/497/497
f 464/464/464 497/497/497 465/465/465
f 465/465/465 497/497/497 498/498/498
f 465/465/465 498/498/498 466/466/466
f 466/466/466 498/498/498 499/499/499
f 466/466/466 499/499/499 467/467/467
f 467/467/467 499/499/499 500/500/500
f 467/467/467 500/500/500 468/468/468
f 468/468/468 500/500/500 501/501/501
f 468/468/468 501/501/501 469/469/469
f 469/469/469 501/501/501 502/502/502
f 469/469/469 502/502/502 470/470/470
f 470/470/470 502/502/502 503/503/503
f 470/470/470 503/503/503 471/471/471
f 471/471/471 503/503/503 504/504/504
f 471/471/471 504/504/504 472/472/472
f 472/472/472 504/504/504 505/505/505
f 472/472/472 505/505/505 473/473/473
f 473/473/473 505/505/505 506/506/506
f 473/473/473 506/506/506 474/474/474
f 474/474/474 506/506/506 507/507/507
f 474/474/474 507/507/507 475/475/475
f 475/475/475 507/507/507 508/508/508
f 475/475/475 508/508/508 476/476/476
f 476/476/476 508/508/508 509/509/509
f 476/476/476 509/509/509 477/477/477
f 477/477/477 509/509/509 510/510/510
f 477/477/477 510/510/510 478/478/478
f 478/478/478 510/510/510 511/511/511
f 478/478/478 511/511/511 479/479/479
f 479/479/479 511/511/511 512/512/512
f 479/479/479 512/512/512 480/480/480
f 480/480/480 512/512/512 513/513/513
f 480/480/480 513/513/513 481/481/481
f 481/481/481 513/513/513 514/514/514
f 481/481/481 514/514/514 482/482/482
f 482/482/482 514/514/514 515/515/515
f 482/482/482 515/515/515 483/483/483
f 483/483/483 515/515/515 516/516/516
f 483/483/483 516/516/516 484/484/484
f 484/484/484 516/516/516 517/517/517
f 484/484/484 517/517/517 485/485/485
f 485/485/485 517/517/517 518/518/518
f 485/485/485 518/518/518 486/486/486
f 486/486/486 518/518/518 519/519/519
f 486/486/486 519/519/519 487/487/487
f 487/487/487 519/519/519 520/520/520
f 487/487/487 520/520/520 488/488/488
f 488/488/488 520/520/520 521/521/521
f 488/488/488 521/521/521 489/489/489
f 489/489/489 521/521/521 522/522/522
f 489/489/489 522/522/522 490/490/490
f 490/490/490 522/522/522 523/523/523
f 490/490/490 523/523/523 491/491/491
f 491/491/491 523/523/523 524/524/524
f 491/491/491 524/524/524 492/492/492
f 492/492/492 524/524/524 525/525/525
f 492/492/492 525/525/525 493/493/493
f 493/493/493 525/525/525 526/526/526
f 493/493/493 526/526/526 494/494/494
f 494/494/494 526/526/526 527/527/527
f 494/494/494 527/527/527 495/495/495
f 495/495/495 527/527/527 528/528/528
f 496/496/496 529/529/529 497/497/497
f 497/497/497 529/529/529 530/530/530
f 497/497/497 530/530/530 498/498/498
f 498/498/498 530/530/530 531/531/531
f 498/498/498 531/531/531 499/499/499
f 499/499/499 531/531/531 532/532/532
f 499/499/499 532/532/532 500/500/500
f 500/500/500 532/532/532 533/533/533
f 500/500/500 533/533/533 501/501/501
f 501/501/501 533/533/533 534/534/534
f 501/501/501 534/534/534 502/502/502
f 502/502/502 534/534/534 535/535/535
f 502/502/502 535/535/535 503/503/503
f 503/503/503 535/535/535 536/536/536
f 503/503/503 536/536/536 504/504/504
f 504/504/504 536/536/536 537/537/537
f 504/504/504 537/537/537 505/505/505
f 505/505/505 537/537/537 538/538/538
f 505/505/505 538/538/538 506/506/506
f 506/506/506 538/538/538 539/539/539
f 506/506/506 539/539/539 507/507/507
f 507/507/507 539/539/539 540/540/540
f 507/507/507 540/540/540 508/508/508
f 508/508/508 540/540/540 541/541/541
f 508/508/508 541/541/541 509/509/509
f 509/509/509 541/541/541 542/542/542
f 509/509/509 542/542/542 510/510/510
f 510/510/510 542/542/542 543/543/543
f 510/510/510 543/543/543 511/511/511
f 511/511/511 543/543/543 544/544/544
f 511/511/511 544/544/544 512/512/512
f 512/512/512 544/544/544 545/545/545
f 512/512/512 545/545/545 513/513/513
f 513/513/513 545/545/545 546/546/546
f 513/513/513 546/546/546 514/514/514
f 514/514/514 546/546/546 547/547/547
f 514/514/514 547/547/547 515/515/515
f 515/515/515 547/547/547 548/548/548
f 515/515/515 548/548/548 516/516/516
f 516/516/516 548/548/548 549/549/549
f 516/516/516 549/549/549 517/517/517
f 517/517/517 549/549/549 550/550/550
f 517/517/517 550/550/550 518/518/518
f 518/518/518 550/550/550 551/551/551
f 518/518/518 551/551/551 519/519/519
f 519/519/519 551/551/551 552/552/552
f 519/519/519 552/552/552 520/520/520
f 520/520/520 552/552/552 553/553/553
f 520/520/520 553/553/553 521/521/521
f 521/521/521 553/553/553 554/554/554
f 521/521/521 554/554/554 522/522/522
f 522/522/522 554/554/554 555/555/555
f 522/522/522 555/555/555 523/523/523
f 523/523/523 555/555/555 556/556/556
f 523/523/523 556/556/556 524/524/524
f 524/524/524 556/556/556 557/557/557
f 524/524/524 557/557/557 525/525/525
f 525/525/525 557/557/557 558/558/558
f 525/525/525 558/558/558 526/526/526
f 526/526/526 558/558/558 559/559/559
f 526/526/526 559/559/559 527/527/527
f 527/527/527 559/559/559 560/560/560
f 527/527/527 560/560/560 528/528/528
f 528/528/528 560/560/560 561/561/561
f 529/529/529 562/562/562 530/530/530
f 530/530/530 562/562/562 563/563/563
f 530/530/530 563/563/563 531/531/531
f 531/531/531 563/563/563 564/564/564
f 531/531/531 564/564/564 532/532/532
f 532/532/532 564/564/564 565/565/565
f 532/532/532 565/565/565 533/533/533
f 533/533/533 565/565/565 566/566/566
f 533/533/533 566/566/566 534/534/534
f 534/534/534 566/566/566 567/567/567
f 534/534/534 567/567/567 535/535/535
f 535/535/535 567/567/567 568/568/568
f 535/535/535 568/568/568 536/536/536
f 536/536/536 568/568/568 569/569/569
f 536/536/536 569/569/569 537/537/537
f 537/537/537 569/569/569 570/570/570
f 537/537/537 570/570/570 538/538/538
f 538/538/538 570/570/570 571/571/571
f 538/538/538 571/571/571 539/539/539
f 539/539/539 571/571/571 572/572/572
f 539/539/539 572/572/572 540/540/540
f 540/540/540 572/572/572 573/573/573
f 540/540/540 573/573/573 541/541/541
f 541/541/541 573/573/573 574/574/574
f 541/541/541 574/574/574 542/542/542
f 542/542/542 574/574/574 575/575/575
f 542/542/542 575/575/575 543/543/543
f 543/543/543 575/575/575 576/576/576
f 543/543/543 576/576/576 544/544/544
f 544/544/544 576/576/576 577/577/577
f 544/544/544 577/577/577 545/545/545
f 545/545/545 577/577/577 578/578/578
f 545/545/545 578/578/578 546/546/546
f 546/546/546 578/578/578 579/579/579
f 546/546/546 579/579/579 547/547/547
f 547/547/547 579/579/579 580/580/580
f 547/547/547 580/580/580 548/548/548
f 548/548/548 580/580/580 581/581/581
f 548/548/548 581/581/581 549/549/549
f 549/549/549 581/581/581 582/582/582
f 549/549/549 582/582/582 550/550/550
f 550/550/550 582/582/582 583/583/583
f 550/550/550 583/583/583 551/551/551
f 551/551/551 583/583/583 584/584/584
f 551/551/551 584/584/584 552/552/552
f 552/552/552 584/584/584 585/585/585
f 552/552/552 585/585/585 553/553/553
f 553/553/553 585/585/585 586/586/586
f 553/553/553 586/586/586 554/554/554
f 554/554/554 586/586/586 587/587/587
f 554/554/554 587/587/587 555/555/555
f 555/555/555 587/587/587 588/588/588
f 555/555/555 588/588/588 556/556/556
f 556/556/556 588/588/588 589/589/589
f 556/556/556 589/589/589 557/557/557
f 557/557/557 589/589/589 590/590/590
f 557/557/557 590/590/590 558/558/558
f 558/558/558 590/590/590 591/591/591
f 558/558/558 591/591/591 559/559/559
f 559/559/559 591/591/591 592/592/592
f 559/559/559 592/592/592 560/560/560
f 560/560/560 592/592/592 593/593/593
f 560/560/560 593/593/593 561/561/561
f 561/561/561 593/593/593 594/594/594
f 562/562/562 595/595/595 563/563/563
f 563/563/563 595/595/595 596/596/596
f 563/563/563 596/596/596 564/564/564
f 564/564/564 596/596/596 597/597/597
f 564/564/564 597/597/597 565/565/565
f 565/565/565 597/597/597 598/598/598
f 565/565/565 598/598/598 566/566/566
f 566/566/566 598/598/598 599/599/599
f 566/566/566 599/599/599 567/567/567
f 567/567/567 599/599/599 600/600/600
f 567/567/567 600/600/600 568/568/568
f 568/568/568 600/600/600 601/601/601
f 568/568/568 601/601/601 569/569/569
f 569/569/569 601/601/601 602/602/602
f 569/569/569 602/602/602 570/570/570
f 570/570/570 602/602/602 603/603/603
f 570/570/570 603/603/603 571/571/571
f 571/571/571 603/603/603 604/604/604
f 571/571/571 604/604/604 572/572/572
f 572/572/572 604/604/604 605/605/605
f 572/572/572 605/605/605 573/573/573
f 573/573/573 605/605/605 606/606/606
f 573/573/573 606/606/606 574/574/574
f 574/574/574 606/606/606 607/607/607
f 574/574/574 607/607/607 575/575/575
f 575/575/575 607/607/607 608/608/608
f 575/575/575 608/608/608 576/576/576
f 576/576/576 608/608/608 609/609/609
f 576/576/576 609/609/609 577/577/577
f 577/577/577 609/609/609 610/610/610
f 577/577/577 610/610/610 578/578/578
f 578/578/578 610/610/610 611/611/611
f 578/578/578 611/611/611 579/579/579
f 579/579/579 611/611/611 612/612/612
f 579/579/579 612/612/612 580/580/580
f 580/580/580 612/612/612 613/613/613
f 580/580/580 613/613/613 581/581/581
f 581/581/581 613/613/613 614/614/614
f 581/581/581 614/614/614 582/582/582
f 582/582/582 614/614/614 615/615/615
f 582/582/582 615/615/615 583/583/583
f 583/583/583 615/615/615 616/616/616
f 583/583/583 616/616/616 584/584/584
f 584/584/584 616/616/616 617/617/617
f 584/584/584 617/617/617 585/585/585
f 585/585/585 617/617/617 618/618/618
f 585/585/585 618/618/618 586/586/586
f 586/586/586 618/618/618 619/619/619
f 586/586/586 619/619/619 587/587/587
f 587/587/587 619/619/619 620/620/620
f 587/587/587 620/620/620 588/588/588
f 588/588/588 620/620/620 621/621/621
f 588/588/588 621/621/621 589/589/589
f 589/589/589 621/621/621 622/622/622
f 589/589/589 622/622/622 590/590/590
f 590/590/590 622/622/622 623/623/623
f 590/590/590 623/623/623 591/591/591
f 591/591/591 623/623/623 624/624/624
f 591/591/591 624/624/624 592/592/592
f 592/592/592 624/624/624 625/625/625
f 592/592/592 625/625/625 593/593/593
f 593/593/593 625/625/625 626/626/626
f 593/593/593 626/626/626 594/594/594
f 594/594/594 626/626/626 627/627/627
f 595/595/595 628/628/628 596/596/596
f 596/596/596 628/628/628 629/629/629
f 596/596/596 629/629/629 597/597/597
f 597/597/597 629/629/629 630/630/630
f 597/597/597 630/630/630 598/598/598
f 598/598/598 630/630/630 631/631/631
f 598/598/598 631/631/631 599/599/599
f 599/599/599 631/631/631 632/632/632
f 599/599/599 632/632/632 600/600/600
f 600/600/600 632/632/632 633/633/633
f 600/600/600 633/633/633 601/601/601
f 601/601/601 633/633/633 634/634/634
f 601/601/601 634/634/634 602/602/602
f 602/602/602 634/634/634 635/635/635
f 602/602/602 635/635/635 603/603/603
f 603/603/603 635/635/635 636/636/636
f 603/603/603 636/636/636 604/604/604
f 604/604/604 636/636/636 637/637/637
f 604/604/604 637/637/637 605/605/605
f 605/605/605 637/637/637 638/638/638
f 605/605/605 638/638/638 606/606/606
f 606/606/606 638/638/638 639/639/639
f 606/606/606 639/639/639 607/607/607
f 607/607/607 639/639/639 640/640/640
f 607/607/607 640/640/640 608/608/608
f 608/608/608 640/640/640 641/641/641
f 608/608/608 641/641/641 609/609/609
f 609/609/609 641/641/641 642/642/642
f 609/609/609 642/642/642 610/610/610
f 610/610/610 642/642/642 643/643/643
f 610/610/610 643/643/643 611/611/611
f 611/611/611 643/643/643 644/644/644
f 611/611/611 644/644/644 612/612/612
f 612/612/612 644/644/644 645/645/645
f 612/612/612 645/645/645 613/613/613
f 613/613/613 645/645/645 646/646/646
f 613/613/613 646/646/646 614/614/614
f 614/614/614 646/646/646 647/647/647
f 614/614/614 647/647/647 615/615/615
f 615/615/615 647/647/647 648/648/648
f 615/615/615 648/648/648 616/616/616
f 616/616/616 648/648/648 649/649/649
f 616/616/616 649/649/649 617/617/617
f 617/617/617 649/649/649 650/650/650
f 617/617/617 650/650/650 618/618/618
f 618/618/618 650/650/650 651/651/651
f 618/618/618 651/651/651 619/619/619
f 619/619/619 651/651/651 652/652/652
f 619/619/619 652/652/652 620/620/620
f 620/620/620 652/652/652 653/653/653
f 620/620/620 653/653/653 621/621/621
f 621/621/621 653/653/653 654/654/654
f 621/621/621 654/654/654 622/622/622
f 622/622/622 654/654/654 655/655/655
f 622/622/622 655/655/655 623/623/623
f 623/623/623 655/655/655 656/656/656
f 623/623/623 656/656/656 624/624/624
f 624/624/624 656/656/656 657/657/657
f 624/624/624 657/657/657 625/625/625
f 625/625/625 657/657/657 658/658/658
f 625/625/625 658/658/658 626/626/626
f 626/626/626 658/658/658 659/659/659
f 626/626/626 659/659/659 627/627/627
f 627/627/627 659/659/659 660/660/660
f 628/628/628 661/661/661 629/629/629
f 629/629/629 661/661/661 662/662/662
f 629/629/629 662/662/662 630/630/630
f 630/630/630 662/662/662 663/663/663
f 630/630/630 663/663/663 631/631/631
f 631/631/631 663/663/663 664/664/664
f 631/631/631 664/664/664 632/632/632
f 632/632/632 664/664/664 665/665/665
f 632/632/632 665/665/665 633/633/633
f 633/633/633 665/665/665 666/666/666
f 633/633/633 666/666/666 634/634/634
f 634/634/634 666/666/666 667/667/667
f 634/634/634 667/667/667 635/635/635
f 635/635/635 667/667/667 668/668/668
f 635/635/635 668/668/668 636/636/636
f 636/636/636 668/668/668 669/669/669
f 636/636/636 669/669/669 637/637/637
f 637/637/637 669/669/669 670/670/670
f 637/637/637 670/670/670 638/638/638
f 638/638/638 670/670/670 671/671/671
f 638/638/638 671/671/671 639/639/639
f 639/639/639 671/671/671 672/672/672
f 639/639/639 672/672/672 640/640/640
f 640/640/640 672/672/672 673/673/673
f 640/640/640 673/673/673 641/641/641
f 641/641/641 673/673/673 674/674/674
f 641/641/641 674/674/674 642/642/642
f 642/642/642 674/674/674 675/675/675
f 642/642/642 675/675/675 643/643/643
f 643/643/643 675/675/675 676/676/676
f 643/643/643 676/676/676 644/644/644
f 644/644/644 676/676/676 677/677/677
f 644/644/644 677/677/677 645/645/645
f 645/645/645 677/677/677 678/678/678
f 645/645/645 678/678/678 646/646/646
f 646/646/646 678/678/678 679/679/679
f 646/646/646 679/679/679 647/647/647
f 647/647/647 679/679/679 680/680/680
f 647/647/647 680/680/680 648/648/648
f 648/648/648 680/680/680 681/681/681
f 648/648/648 681/681/681 649/649/649
f 649/649/649 681/681/681 682/682/682
f 649/649/649 682/682/682 650/650/650
f 650/650/650 682/682/682 683/683/683
f 650/650/650 683/683/683 651/651/651
f 651/651/651 683/683/683 684/684/684
f 651/651/651 684/684/684 652/652/652
f 652/652/652 684/684/684 685/685/685
f 652/652/652 685/685/685 653/653/653
f 653/653/653 685/685/685 686/686/686
f 653/653/653 686/686/686 654/654/654
f 654/654/654 686/686/686 687/687/687
f 654/654/654 687/687/687 655/655/655
f 655/655/655 687/687/687 688/688/688
f 655/655/655 688/688/688 656/656/656
f 656/656/656 688/688/688 689/689/689
f 656/656/656 689/689/689 657/657/657
f 657/657/657 689/689/689 690/690/690
f 657/657/657 690/690/690 658/658/658
f 658/658/658 690/690/690 691/691/691
f 658/658/658 691/691/691 659/659/659
f 659/659/659 691/691/691 692/692/692
f 659/659/659 692/692/692 660/660/660
f 660/660/660 692/692/692 693/693/693
f 695/695/695 723/723/723 724/724/724
f 696/696/696 724/724/724 725/725/725
f 697/697/697 725/725/725 726/726/726
f 698/698/698 726/726/726 727/727/727
f 699/699/699 727/727/727 728/728/728
f 700/700/700 728/728/728 729/729/729
f 701/701/701 729/729/729 730/730/730
f 702/702/702 730/730/730 731/731/731
f 703/703/703 731/731/731 732/732/732
f 704/704/704 732/732/732 733/733/733
f 705/705/705 733/733/733 734/734/734
f 706/706/706 734/734/734 735/735/735
f 707/707/707 735/735/735 736/736/736
f 708/708/708 736/736/736 737/737/737
f 709/709/709 737/737/737 738/738/738
f 710/710/710 738/738/738 739/739/739
f 711/711/711 739/739/739 740/740/740
f 712/712/712 740/740/740 741/741/741
f 713/713/713 741/741/741 742/742/742
f 714/714/714 742/742/742 743/743/743
f 715/715/715 743/743/743 744/744/744
f 716/716/716 744/744/744 745/745/745
f 717/717/717 745/745/745 746/746/746
f 718/718/718 746/746/746 747/747/747
f 719/719/719 747/747/747 748/748/748
f 720/720/720 748/748/748 749/749/749
f 721/721/721 749/749/749 750/750/750
f 722/722/722 750/750/750 751/751/751
f 723/723/723 752/752/752 724/724/724
f 724/724/724 752/752/752 753/753/753
f 724/724/724 753/753/753 725/725/725
f 725/725/725 753/753/753 754/754/754
f 725/725/725 754/754/754 726/726/726
f 726/726/726 754/754/754 755/755/755
f 726/726/726 755/755/755 727/727/727
f 727/727/727 755/755/755 756/756/756
f 727/727/727 756/756/756 728/728/728
f 728/728/728 756/756/756 757/757/757
f 728/728/728 757/757/757 729/729/729
f 729/729/729 757/757/757 758/758/758
f 729/729/729 758/758/758 730/730/730
f 730/730/730 758/758/758 759/759/759
f 730/730/730 759/759/759 731/731/731
f 731/731/731 759/759/759 760/760/760
f 731/731/731 760/760/760 732/732/732
f 732/732/732 760/760/760 761/761/761
f 732/732/732 761/761/761 733/733/733
f 733/733/733 761/761/761 762/762/762
f 733/733/733 762/762/762 734/734/734
f 734/734/734 762/762/762 763/763/763
f 734/734/734 763/763/763 735/735/735
f 735/735/735 763/763/763 764/764/764
f 735/735/735 764/764/764 736/736/736
f 736/736/736 764/764/764 765/765/765
f 736/736/736 765/765/765 737/737/737
f 737/737/737 765/765/765 766/766/766
f 737/737/737 766/766/766 738/738/738
f 738/738/738 766/766/766 767/767/767
f 738/738/738 767/767/767 739/739/739
f 739/739/739 767/767/767 768/768/768
f 739/739/739 768/768/768 740/740/740
f 740/740/740 768/768/768 769/769/769
f 740/740/740 769/769/769 741/741/741
f 741/741/741 769/769/769 770/770/770
f 741/741/741 770/770/770 742/742/742
f 742/742/742 770/770/770 771/771/771
f 742/742/742 771/771/771 743/743/743
f 743/743/743 771/771/771 772/772/772
f 743/743/743 772/772/772 744/744/744
f 744/744/744 772/772/772 773/773/773
f 744/744/744 773/773/773 745/745/745
f 745/745/745 773/773/773 774/774/774
f 745/745/745 774/774/774 746/746/746
f 746/746/746 774/774/774 775/775/775
f 746/746/746 775/775/775 747/747/747
f 747/747/747 775/775/775 776/776/776
f 747/747/747 776/776/776 748/748/748
f 748/748/748 776/776/776 777/777/777
f 748/748/748 777/777/777 749/749/749
f 749/749/749 777/777/777 778/778/778
f 749/749/749 778/778/778 750/750/750
f 750/750/750 778/778/778 779/779/779
f 750/750/750 779/779/779 751/751/751
f 751/751/751 779/779/779 780/780/780
f 752/752/752 781/781/781 753/753/753
f 753/753/753 781/781/781 782/782/782
f 753/753/753 782/782/782 754/754/754
f 754/754/754 782/782/782 783/783/783
f 754/754/754 783/783/783 755/755/755
f 755/755/755 783/783/783 784/784/784
f 755/755/755 784/784/784 756/756/756
f 756/756/756 784/784/784 785/785/785
f 756/756/756 785/785/785 757/757/757
f 757/757/757 785/785/785 786/786/786
f 757/757/757 786/786/786 758/758/758
f 758/758/758 786/786/786 787/787/787
f 758/758/758 787/787/787 759/759/759
f 759/759/759 787/787/787 788/788/788
f 759/759/759 788/788/788 760/760/760
f 760/760/760 788/788/788 789/789/789
f 760/760/760 789/789/789 761/761/761
f 761/761/761 789/789/789 790/790/790
f 761/761/761 790/790/790 762/762/762
f 762/762/762 790/790/790 791/791/791
f 762/762/762 791/791/791 763/763/763
f 763/763/763 791/791/791 792/792/792
f 763/763/763 792/792/792 764/764/764
f 764/764/764 792/792/792 793/793/793
f 764/764/764 793/793/793 765/765/765
f 765/765/765 793/793/793 794/794/794
f 765/765/765 794/794/794 766/766/766
f 766/766/766 794/794/794 795/795/795
f 766/766/766 795/795/795 767/767/767
f 767/767/767 795/795/795 796/796/796
f 767/767/767 796/796/796 768/768/768
f 768/768/768 796/796/796 797/797/797
f 768/768/768 797/797/797 769/769/769
f 769/769/769 797/797/797 798/798/798
f 769/769/769 798/798/798 770/770/770
f 770/770/770 798/798/798 799/799/799
f 770/770/770 799/799/799 771/771/771
f 771/771/771 799/799/799 800/800/800
f 771/771/771 800/800/800 772/772/772
f 772/772/772 800/800/800 801/801/801
f 772/772/772 801/801/801 773/773/773
f 773/773/773 801/801/801 802/802/802
f 773/773/773 802/802/802 774/774/774
f 774/774/774 802/802/802 803/803/803
f 774/774/774 803/803/803 775/775/775
f 775/775/775 803/803/803 804/804/804
f 775/775/775 804/804/804 776/776/776
f 776/776/776 804/804/804 805/805/805
f 776/776/776 805/805/805 777/777/777
f 777/777/777 805/805/805 806/806/806
f 777/777/777 806/806/806 778/778/778
f 778/778/778 806/806/806 807/807/807
f 778/778/778 807/807/807 779/779/779
f 779/779/779 807/807/807 808/808/808
f 779/779/779 808/808/808 780/780/780
f 780/780/780 808/808/808 809/809/809
f 781/781/781 810/810/810 782/782/782
f 782/782/782 810/810/810 811/811/811
f 782/782/782 811/811/811 783/783/783
f 783/783/783 811/811/811 812/812/812
f 783/783/783 812/812/812 784/784/784
f 784/784/784 812/812/812 813/813/813
f 784/784/784 813/813/813 785/785/785
f 785/785/785 813/813/813 814/814/814
f 785/785/785 814/814/814 786/786/786
f 786/786/786 814/814/814 815/815/815
f 786/786/786 815/815/815 787/787/787
f 787/787/787 815/815/815 816/816/816
f 787/787/787 816/816/816 788/788/788
f 788/788/788 816/816/816 817/817/817
f 788/788/788 817/817/817 789/789/789
f 789/789/789 817/817/817 818/818/818
f 789/789/789 818/818/818 790/790/790
f 790/790/790 818/818/818 819/819/819
f 790/790/790 819/819/819 791/791/791
f 791/791/791 819/819/819 820/820/820
f 791/791/791 820/820/820 792/792/792
f 792/792/792 820/820/820 821/821/821
f 792/792/792 821/821/821 793/793/793
f 793/793/793 821/821/821 822/822/822
f 793/793/793 822/822/822 794/794/794
f 794/794/794 822/822/822 823/823/823
f 794/794/794 823/823/823 795/795/795
f 795/795/795 823/823/823 824/824/824
f 795/795/795 824/824/824 796/796/796
f 796/796/796 824/824/824 825/825/825
f 796/796/796 825/825/825 797/797/797
f 797/797/797 825/825/825 826/826/826
f 797/797/797 826/826/826 798/798/798
f 798/798/798 826/826/826 827/827/827
f 798/798/798 827/827/827 799/799/799
f 799/799/799 827/827/827 828/828/828
f 799/799/799 828/828/828 800/800/800
f 800/800/800 828/828/828 829/829/829
f 800/800/800 829/829/829 801/801/801
f 801/801/801 829/829/829 830/830/830
f 801/801/801 830/830/830 802/802/802
f 802/802/802 830/830/830 831/831/831
f 802/802/802 831/831/831 803/803/803
f 803/803/803 831/831/831 832/832/832
f 803/803/803 832/832/832 804/804/804
f 804/804/804 832/832/832 833/833/833
f 804/804/804 833/833/833 805/805/805
f 805/805/805 833/833/833 834/834/834
f 805/805/805 834/834/834 806/806/806
f 806/806/806 834/834/834 835/835/835
f 806/806/806 835/835/835 807/807/807
f 807/807/807 835/835/835 836/836/836
f 807/807/807 836/836/836 808/808/808
f 808/808/808 836/836/836 837/837/837
f 808/808/808 837/837/837 809/809/809
f 809/809/809 837/837/837 838/838/838
f 810/810/810 839/839/839 811/811/811
f 811/811/811 839/839/839 840/840/840
f 811/811/811 840/840/840 812/812/812
f 812/812/812 840/840/840 841/841/841
f 812/812/812 841/841/841 813/813/813
f 813/813/813 841/841/841 842/842/842
f 813/813/813 842/842/842 814/814/814
f 814/814/814 842/842/842 843/843/843
f 814/814/814 843/843/843 815/815/815
f 815/815/815 843/843/843 844/844/844
f 815/815/815 844/844/844 816/816/816
f 816/816/816 844/844/844 845/845/845
f 816/816/816 845/845/845 817/817/817
f 817/817/817 845/845/845 846/846/846
f 817/817/817 846/846/846 818/818/818
f 818/818/818 846/846/846 847/847/847
f 818/818/818 847/847/847 819/819/819
f 819/819/819 847/847/847 848/848/848
f 819/819/819 848/848/848 820/820/820
f 820/820/820 848/848/848 849/849/849
f 820/820/820 849/849/849 821/821/821
f 821/821/821 849/849/849 850/850/850
f 821/821/821 850/850/850 822/822/822
f 822/822/822 850/850/850 851/851/851
f 822/822/822 851/851/851 823/823/823
f 823/823/823 851/851/851 852/852/852
f 823/823/823 852/852/852 824/824/824
f 824/824/824 852/852/852 853/853/853
f 824/824/824 853/853/853 825/825/825
f 825/825/825 853/853/853 854/854/854
f 825/825/825 854/854/854 826/826/826
f 826/826/826 854/854/854 855/855/855
f 826/826/826 855/855/855 827/827/827
f 827/827/827 855/855/855 856/856/856
f 827/827/827 856/856/856 828/828/828
f 828/828/828 856/856/856 857/857/857
f 828/828/828 857/857/857 829/829/829
f 829/829/829 857/857/857 858/858/858
f 829/829/829 858/858/858 830/830/830
f 830/830/830 858/858/858 859/859/859
f 830/830/830 859/859/859 831/831/831
f 831/831/831 859/859/859 860/860/860
f 831/831/831 860/860/860 832/832/832
f 832/832/832 860/860/860 861/861/861
f 832/832/832 861/861/861 833/833/833
f 833/833/833 861/861/861 862/862/862
f 833/833/833 862/862/862 834/834/834
f 834/834/834 862/862/862 863/863/863
f 834/834/834 863/863/863 835/835/835
f 835/835/835 863/863/863 864/864/864
f 835/835/835 864/864/864 836/836/836
f 836/836/836 864/864/864 865/865/865
f 836/836/836 865/865/865 837/837/837
f 837/837/837 865/865/865 866/866/866
f 837/837/837 866/866/866 838/838/838
f 838/838/838 866/866/866 867/867/867
f 839/839/839 868/868/868 840/840/840
f 840/840/840 868/868/868 869/869/869
f 840/840/840 869/869/869 841/841/841
f 841/841/841 869/869/869 870/870/870
f 841/841/841 870/870/870 842/842/842
f 842/842/842 870/870/870 871/871/871
f 842/842/842 871/871/871 843/843/843
f 843/843/843 871/871/871 872/872/872
f 843/843/843 872/872/872 844/844/844
f 844/844/844 872/872/872 873/873/873
f 844/844/844 873/873/873 845/845/845
f 845/845/845 873/873/873 874/874/874
f 845/845/845 874/874/874 846/846/846
f 846/846/846 874/874/874 875/875/875
f 846/846/846 875/875/875 847/847/847
f 847/847/847 875/875/875 876/876/876
f 847/847/847 876/876/876 848/848/848
f 848/848/848 876/876/876 877/877/877
f 848/848/848 877/877/877 849/849/849
f 849/849/849 877/877/877 878/878/878
f 849/849/849 878/878/878 850/850/850
f 850/850/850 878/878/878 879/879/879
f 850/850/850 879/879/879 851/851/851
f 851/851/851 879/879/879 880/880/880
f 851/851/851 880/880/880 852/852/852
f 852/852/852 880/880/880 881/881/881
f 852/852/852 881/881/881 853/853/853
f 853/853/853 881/881/881 882/882/882
f 853/853/853 882/882/882 854/854/854
f 854/854/854 882/882/882 883/883/883
f 854/854/854 883/883/883 855/855/855
f 855/855/855 883/883/883 884/884/884
f 855/855/855 884/884/884 856/856/856
f 856/856/856 884/884/884 885/885/885
f 856/856/856 885/885/885 857/857/857
f 857/857/857 885/885/885 886/886/886
f 857/857/857 886/886/886 858/858/858
f 858/858/858 886/886/886 887/887/887
f 858/858/858 887/887/887 859/859/859
f 859/859/859 887/887/887 888/888/888
f 859/859/859 888/888/888 860/860/860
f 860/860/860 888/888/888 889/889/889
f 860/860/860 889/889/889 861/861/861
f 861/861/861 889/889/889 890/890/890
f 861/861/861 890/890/890 862/862/862
f 862/862/862 890/890/890 891/891/891
f 862/862/862 891/891/891 863/863/863
f 863/863/863 891/891/891 892/892/892
f 863/863/863 892/892/892 864/864/864
f 864/864/864 892/892/892 893/893/893
f 864/864/864 893/893/893 865/865/865
f 865/865/865 893/893/893 894/894/894
f 865/865/865 894/894/894 866/866/866
f 866/866/866 894/894/894 895/895/895
f 866/866/866 895/895/895 867/867/867
f 867/867/867 895/895/895 896/896/896
f 868/868/868 897/897/897 869/869/869
f 869/869/869 897/897/897 898/898/898
f 869/869/869 898/898/898 870/870/870
f 870/870/870 898/898/898 899/899/899
f 870/870/870 899/899/899 871/871/871
f 871/871/871 899/899/899 900/900/900
f 871/871/871 900/900/900 872/872/872
f 872/872/872 900/900/900 901/901/901
f 872/872/872 901/901/901 873/873/873
f 873/873/873 901/901/901 902/902/902
f 873/873/873 902/902/902 874/874/874
f 874/874/874 902/902/902 903/903/903
f 874/874/874 903/903/903 875/875/875
f 875/875/875 903/903/903 904/904/904
f 875/875/875 904/904/904 876/876/876
f 876/876/876 904/904/904 905/905/905
f 876/876/876 905/905/905 877/877/877
f 877/877/877 905/905/905 906/906/906
f 877/877/877 906/906/906 878/878/878
f 878/878/878 906/906/906 907/907/907
f 878/878/878 907/907/907 879/879/879
f 879/879/879 907/907/907 908/908/908
f 879/879/879 908/908/908 880/880/880
f 880/880/880 908/908/908 909/909/909
f 880/880/880 909/909/909 881/881/881
f 881/881/881 909/909/909 910/910/910
f 881/881/881 910/910/910 882/882/882
f 882/882/882 910/910/910 911/911/911
f 882/882/882 911/911/911 883/883/883
f 883/883/883 911/911/911 912/912/912
f 883/883/883 912/912/912 884/884/884
f 884/884/884 912/912/912 913/913/913
f 884/884/884 913/913/913 885/885/885
f 885/885/885 913/913/913 914/914/914
f 885/885/885 914/914/914 886/886/886
f 886/886/886 914/914/914 915/915/915
f 886/886/886 915/915/915 887/887/887
f 887/887/887 915/915/915 916/916/916
f 887/887/887 916/916/916 888/888/888
f 888/888/888 916/916/916 917/917/917
f 888/888/888 917/917/917 889/889/889
f 889/889/889 917/917/917 918/918/918
f 889/889/889 918/918/918 890/890/890
f 890/890/890 918/918/918 919/919/919
f 890/890/890 919/919/919 891/891/891
f 891/891/891 919/919/919 920/920/920
f 891/891/891 920/920/920 892/892/892
f 892/892/892 920/920/920 921/921/921
f 892/892/892 921/921/921 893/893/893
f 893/893/893 921/921/921 922/922/922
f 893/893/893 922/922/922 894/894/894
f 894/894/894 922/922/922 923/923/923
f 894/894/894 923/923/923 895/895/895
f 895/895/895 923/923/923 924/924/924
f 895/895/895 924/924/924 896/896/896
f 896/896/896 924/924/924 925/925/925
f 897/897/897 926/926/926 898/898/898
f 898/898/898 926/926/926 927/927/927
f 898/898/898 927/927/927 899/899/899
f 899/899/899 927/927/927 928/928/928
f 899/899/899 928/928/928 900/900/900
f 900/900/900 928/928/928 929/929/929
f 900/900/900 929/929/929 901/901/901
f 901/901/901 929/929/929 930/930/930
f 901/901/901 930/930/930 902/902/902
f 902/902/902 930/930/930 931/931/931
f 902/902/902 931/931/931 903/903/903
f 903/903/903 931/931/931 932/932/932
f 903/903/903 932/932/932 904/904/904
f 904/904/904 932/932/932 933/933/933
f 904/904/904 933/933/933 905/905/905
f 905/905/905 933/933/933 934/934/934
f 905/905/905 934/934/934 906/906/906
f 906/906/906 934/934/934 935/935/935
f 906/906/906 935/935/935 907/907/907
f 907/907/907 935/935/935 936/936/936
f 907/907/907 936/936/936 908/908/908
f 908/908/908 936/936/936 937/937/937
f 908/908/908 937/937/937 909/909/909
f 909/909/909 937/937/937 938/938/938
f 909/909/909 938/938/938 910/910/910
f 910/910/910 938/938/938 939/939/939
f 910/910/910 939/939/939 911/911/911
f 911/911/911 939/939/939 940/940/940
f 911/911/911 940/940/940 912/912/912
f 912/912/912 940/940/940 941/941/941
f 912/912/912 941/941/941 913/913/913
f 913/913/913 941/941/941 942/942/942
f 913/913/913 942/942/942 914/914/914
f 914/914/914 942/942/942 943/943/943
f 914/914/914 943/943/943 915/915/915
f 915/915/915 943/943/943 944/944/944
f 915/915/915 944/944/944 916/916/916
f 916/916/916 944/944/944 945/945/945
f 916/916/916 945/945/945 917/917/917
f 917/917/917 945/945/945 946/946/946
f 917/917/917 946/946/946 918/918/918
f 918/918/918 946/946/946 947/947/947
f 918/918/918 947/947/947 919/919/919
f 919/919/919 947/947/947 948/948/948
f 919/919/919 948/948/948 920/920/920
f 920/920/920 948/948/948 949/949/949
f 920/920/920 949/949/949 921/921/921
f 921/921/921 949/949/949 950/950/950
f 921/921/921 950/950/950 922/922/922
f 922/922/922 950/950/950 951/951/951
f 922/922/922 951/951/951 923/923/923
f 923/923/923 951/951/951 952/952/952
f 923/923/923 952/952/952 924/924/924
f 924/924/924 952/952/952 953/953/953
f 924/924/924 953/953/953 925/925/925
f 925/925/925 953/953/953 954/954/954
f 926/926/926 955/955/955 927/927/927
f 927/927/927 955/955/955 956/956/956
f 927/927/927 956/956/956 928/928/928
f 928/928/928 956/956/956 957/957/957
f 928/928/928 957/957/957 929/929/929
f 929/929/929 957/957/957 958/958/958
f 929/929/929 958/958/958 930/930/930
f 930/930/930 958/958/958 959/959/959
f 930/930/930 959/959/959 931/931/931
f 931/931/931 959/959/959 960/960/960
f 931/931/931 960/960/960 932/932/932
f 932/932/932 960/960/960 961/961/961
f 932/932/932 961/961/961 933/933/933
f 933/933/933 961/961/961 962/962/962
f 933/933/933 962/962/962 934/934/934
f 934/934/934 962/962/962 963/963/963
f 934/934/934 963/963/963 935/935/935
f 935/935/935 963/963/963 964/964/964
f 935/935/935 964/964/964 936/936/936
f 936/936/936 964/964/964 965/965/965
f 936/936/936 965/965/965 937/937/937
f 937/937/937 965/965/965 966/966/966
f 937/937/937 966/966/966 938/938/938
f 938/938/938 966/966/966 967/967/967
f 938/938/938 967/967/967 939/939/939
f 939/939/939 967/967/967 968/968/968
f 939/939/939 968/968/968 940/940/940
f 940/940/940 968/968/968 969/969/969
f 940/940/940 969/969/969 941/941/941
f 941/941/941 969/969/969 970/970/970
f 941/941/941 970/970/970 942/942/942
f 942/942/942 970/970/970 971/971/971
f 942/942/942 971/971/971 943/943/943
f 943/943/943 971/971/971 972/972/972
f 943/943/943 972/972/972 944/944/944
f 944/944/944 972/972/972 973/973/973
f 944/944/944 973/973/973 945/945/945
f 945/945/945 973/973/973 974/974/974
f 945/945/945 974/974/974 946/946/946
f 946/946/946 974/974/974 975/975/975
f 946/946/946 975/975/975 947/947/947
f 947/947/947 975/975/975 976/976/976
f 947/947/947 976/976/976 948/948/948
f 948/948/948 976/976/976 977/977/977
f 948/948/948 977/977/977 949/949/949
f 949/949/949 977/977/977 978/978/978
f 949/949/949 978/978/978 950/950/950
f 950/950/950 978/978/978 979/979/979
f 950/950/950 979/979/979 951/951/951
f 951/951/951 979/979/979 980/980/980
f 951/951/951 980/980/980 952/952/952
f 952/952/952 980/980/980 981/981/981
f 952/952/952 981/981/981 953/953/953
f 953/953/953 981/981/981 982/982/982
f 953/953/953 982/982/982 954/954/954
f 954/954/954 982/982/982 983/983/983
f 955/955/955 984/984/984 956/956/956
f 956/956/956 985/985/985 957/957/957
f 957/957/957 986/986/986 958/958/958
f 958/958/958 987/987/987 959/959/959
f 959/959/959 988/988/988 960/960/960
f 960/960/960 989/989/989 961/961/961
f 961/961/961 990/990/990 962/962/962
f 962/962/962 991/991/991 963/963/963
f 963/963/963 992/992/992 964/964/964
f 964/964/964 993/993/993 965/965/965
f 965/965/965 994/994/994 966/966/966
f 966/966/966 995/995/995 967/967/967
f 967/967/967 996/996/996 968/968/968
f 968/968/968 997/997/997 969/969/969
f 969/969/969 998/998/998 970/970/970
f 970/970/970 999/999/999 971/971/971
f 971/971/971 1000/1000/1000 972/972/972
f 972/972/972 1001/1001/1001 973/973/973
f 973/973/973 1002/1002/1002 974/974/974
f 974/974/974 1003/1003/1003 975/975/975
f 975/975/975 1004/1004/1004 976/976/976
f 976/976/976 1005/1005/1005 977/977/977
f 977/977/977 1006/1006/1006 978/978/978
f 978/978/978 1007/1007/1007 979/979/979
f 979/979/979 1008/1008/1008 980/980/980
f 980/980/980 1009/1009/1009 981/981/981
f 981/981/981 1010/1010/1010 982/982/982
f 982/982/982 1011/1011/1011 983/983/983
f 1014/1014/1014 1032/1032/1032 1033/1033/1033
f 1015/1015/1015 1033/1033/1033 1034/1034/1034
f 1016/1016/1016 1034/1034/1034 1035/1035/1035
f 1017/1017/1017 1035/1035/1035 1036/1036/1036
f 1018/1018/1018 1036/1036/1036 1037/1037/1037
f 1019/1019/1019 1037/1037/1037 1038/1038/1038
f 1020/1020/1020 1038/1038/1038 1039/1039/1039
f 1021/1021/1021 1039/1039/1039 1040/1040/1040
f 1022/1022/1022 1040/1040/1040 1041/1041/1041
f 1023/1023/1023 1041/1041/1041 1042/1042/1042
f 1024/1024/1024 1042/1042/1042 1043/1043/1043
f 1025/1025/1025 1043/1043/1043 1044/1044/1044
f 1026/1026/1026 1044/1044/1044 1045/1045/1045
f 1027/1027/1027 1045/1045/1045 1046/1046/1046
f 1028/1028/1028 1046/1046/1046 1047/1047/1047
f 1029/1029/1029 1047/1047/1047 1048/1048/1048
f 1030/1030/1030 1048/1048/1048 1049/1049/1049
f 1031/1031/1031 1049/1049/1049 1050/1050/1050
f 1032/1032/1032 1051/1051/1051 1033/1033/1033
f 1033/1033/1033 1051/1051/1051 1052/1052/1052
f 1033/1033/1033 1052/1052/1052 1034/1034/1034
f 1034/1034/1034 1052/1052/1052 1053/1053/1053
f 1034/1034/1034 1053/1053/1053 1035/1035/1035
f 1035/1035/1035 1053/1053/1053 1054/1054/1054
f 1035/1035/1035 1054/1054/1054 1036/1036/1036
f 1036/1036/1036 1054/1054/1054 1055/1055/1055
f 1036/1036/1036 1055/1055/1055 1037/1037/1037
f 1037/1037/1037 1055/1055/1055 1056/1056/1056
f 1037/1037/1037 1056/1056/1056 1038/1038/1038
f 1038/1038/1038 1056/1056/1056 1057/1057/1057
f 1038/1038/1038 1057/1057/1057 1039/1039/1039
f 1039/1039/1039 1057/1057/1057 1058/1058/1058
f 1039/1039/1039 1058/1058/1058 1040/1040/1040
f 1040/1040/1040 1058/1058/1058 1059/1059/1059
f 1040/1040/1040 1059/1059/1059 1041/1041/1041
f 1041/1041/1041 1059/1059/1059 1060/1060/1060
f 1041/1041/1041 1060/1060/1060 1042/1042/1042
f 1042/1042/1042 1060/1060/1060 1061/1061/1061
f 1042/1042/1042 1061/1061/1061 1043/1043/1043
f 1043/1043/1043 1061/1061/1061 1062/1062/1062
f 1043/1043/1043 1062/1062/1062 1044/1044/1044
f 1044/1044/1044 1062/1062/1062 1063/1063/1063
f 1044/1044/1044 1063/1063/1063 1045/1045/1045
f 1045/1045/1045 1063/1063/1063 1064/1064/1064
f 1045/1045/1045 1064/1064/1064 1046/1046/1046
f 1046/1046/1046 1064/1064/1064 1065/1065/1065
f 1046/1046/1046 1065/1065/1065 1047/1047/1047
f 1047/1047/1047 1065/1065/1065 1066/1066/1066
f 1047/1047/1047 1066/1066/1066 1048/1048/1048
f 1048/1048/1048 1066/1066/1066 1067/1067/1067
f 1048/1048/1048 1067/1067/1067 1049/1049/1049
f 1049/1049/1049 1067/1067/1067 1068/1068/1068
f 1049/1049/1049 1068/1068/1068 1050/1050/1050
f 1050/1050/1050 1068/1068/1068 1069/1069/1069
f 1051/1051/1051 1070/1070/1070 1052/1052/1052
f 1052/1052/1052 1070/1070/1070 1071/1071/1071
f 1052/1052/1052 1071/1071/1071 1053/1053/1053
f 1053/1053/1053 1071/1071/1071 1072/1072/1072
f 1053/1053/1053 1072/1072/1072 1054/1054/1054
f 1054/1054/1054 1072/1072/1072 1073/1073/1073
f 1054/1054/1054 1073/1073/1073 1055/1055/1055
f 1055/1055/1055 1073/1073/1073 1074/1074/1074
f 1055/1055/1055 1074/1074/1074 1056/1056/1056
f 1056/1056/1056 1074/1074/1074 1075/1075/1075
f 1056/1056/1056 1075/1075/1075 1057/1057/1057
f 1057/1057/1057 1075/1075/1075 1076/1076/1076
f 1057/1057/1057 1076/1076/1076 1058/1058/1058
f 1058/1058/1058 1076/1076/1076 1077/1077/1077
f 1058/1058/1058 1077/1077/1077 1059/1059/1059
f 1059/1059/1059 1077/1077/1077 1078/1078/1078
f 1059/1059/1059 1078/1078/1078 1060/1060/1060
f 1060/1060/1060 1078/1078/1078 1079/1079/1079
f 1060/1060/1060 1079/1079/1079 1061/1061/1061
f 1061/1061/1061 1079/1079/1079 1080/1080/1080
f 1061/1061/1061 1080/1080/1080 1062/1062/1062
f 1062/1062/1062 1080/1080/1080 1081/1081/1081
f 1062/1062/1062 1081/1081/1081 1063/1063/1063
f 1063/1063/1063 1081/1081/1081 1082/1082/1082
f 1063/1063/1063 1082/1082/1082 1064/1064/1064
f 1064/1064/1064 1082/1082/1082 1083/1083/1083
f 1064/1064/1064 1083/1083/1083 1065/1065/1065
f 1065/1065/1065 1083/1083/1083 1084/1084/1084
f 1065/1065/1065 1084/1084/1084 1066/1066/1066
f 1066/1066/1066 1084/1084/1084 1085/1085/1085
f 1066/1066/1066 1085/1085/1085 1067/1067/1067
f 1067/1067/1067 1085/1085/1085 1086/1086/1086
f 1067/1067/1067 1086/1086/1086 1068/1068/1068
f 1068/1068/1068 1086/1086/1086 1087/1087/1087
f 1068/1068/1068 1087/1087/1087 1069/1069/1069
f 1069/1069/1069 1087/1087/1087 1088/1088/1088
f 1070/1070/1070 1089/1089/1089 1071/1071/1071
f 1071/1071/1071 1089/1089/1089 1090/1090/1090
f 1071/1071/1071 1090/1090/1090 1072/1072/1072
f 1072/1072/1072 1090/1090/1090 1091/1091/1091
f 1072/1072/1072 1091/1091/1091 1073/1073/1073
f 1073/1073/1073 1091/1091/1091 1092/1092/1092
f 1073/1073/1073 1092/1092/1092 1074/1074/1074
f 1074/1074/1074 1092/1092/1092 1093/1093/1093
f 1074/1074/1074 1093/1093/1093 1075/1075/1075
f 1075/1075/1075 1093/1093/1093 1094/1094/1094
f 1075/1075/1075 1094/1094/1094 1076/1076/1076
f 1076/1076/1076 1094/1094/1094 1095/1095/1095
f 1076/1076/1076 1095/1095/1095 1077/1077/1077
f 1077/1077/1077 1095/1095/1095 1096/1096/1096
f 1077/1077/1077 1096/1096/1096 1078/1078/1078
f 1078/1078/1078 1096/1096/1096 1097/1097/1097
f 1078/1078/1078 1097/1097/1097 1079/1079/1079
f 1079/1079/1079 1097/1097/1097 1098/1098/1098
f 1079/1079/1079 1098/1098/1098 1080/1080/1080
f 1080/1080/1080 1098/1098/1098 1099/1099/1099
f 1080/1080/1080 1099/1099/1099 1081/1081/1081
f 1081/1081/1081 1099/1099/1099 1100/1100/1100
f 1081/1081/1081 1100/1100/1100 1082/1082/1082
f 1082/1082/1082 1100/1100/1100 1101/1101/1101
f 1082/1082/1082 1101/1101/1101 1083/1083/1083
f 1083/1083/1083 1101/1101/1101 1102/1102/1102
f 1083/1083/1083 1102/1102/1102 1084/1084/1084
f 1084/1084/1084 1102/1102/1102 1103/1103/1103
f 1084/1084/1084 1103/1103/1103 1085/1085/1085
f 1085/1085/1085 1103/1103/1103 1104/1104/1104
f 1085/1085/1085 1104/1104/1104 1086/1086/1086
f 1086/1086/1086 1104/1104/1104 1105/1105/1105
f 1086/1086/1086 1105/1105/1105 1087/1087/1087
f 1087/1087/1087 1105/1105/1105 1106/1106/1106
f 1087/1087/1087 1106/1106/1106 1088/1088/1088
f 1088/1088/1088 1106/1106/1106 1107/1107/1107
f 1089/1089/1089 1108/1108/1108 1090/1090/1090
f 1090/1090/1090 1108/1108/1108 1109/1109/1109
f 1090/1090/1090 1109/1109/1109 1091/1091/1091
f 1091/1091/1091 1109/1109/1109 1110/1110/1110
f 1091/1091/1091 1110/1110/1110 1092/1092/1092
f 1092/1092/1092 1110/1110/1110 1111/1111/1111
f 1092/1092/1092 1111/1111/1111 1093/1093/1093
f 1093/1093/1093 1111/1111/1111 1112/1112/1112
f 1093/1093/1093 1112/1112/1112 1094/1094/1094
f 1094/1094/1094 1112/1112/1112 1113/1113/1113
f 1094/1094/1094 1113/1113/1113 1095/1095/1095
f 1095/1095/1095 1113/1113/1113 1114/1114/1114
f 1095/1095/1095 1114/1114/1114 1096/1096/1096
f 1096/1096/1096 1114/1114/1114 1115/1115/1115
f 1096/1096/1096 1115/1115/1115 1097/1097/1097
f 1097/1097/1097 1115/1115/1115 1116/1116/1116
f 1097/1097/1097 1116/1116/1116 1098/1098/1098
f 1098/1098/1098 1116/1116/1116 1117/1117/1117
f 1098/1098/1098 1117/1117/1117 1099/1099/1099
f 1099/1099/1099 1117/1117/1117 1118/1118/1118
f 1099/1099/1099 1118/1118/1118 1100/1100/1100
f 1100/1100/1100 1118/1118/1118 1119/1119/1119
f 1100/1100/1100 1119/1119/1119 1101/1101/1101
f 1101/1101/1101 1119/1119/1119 1120/1120/1120
f 1101/1101/1101 1120/1120/1120 1102/1102/1102
f 1102/1102/1102 1120/1120/1120 1121/1121/1121
f 1102/1102/1102 1121/1121/1121 1103/1103/1103
f 1103/1103/1103 1121/1121/1121 1122/1122/1122
f 1103/1103/1103 1122/1122/1122 1104/1104/1104
f 1104/1104/1104 1122/1122/1122 1123/1123/1123
f 1104/1104/1104 1123/1123/1123 1105/1105/1105
f 1105/1105/1105 1123/1123/1123 1124/1124/1124
f 1105/1105/1105 1124/1124/1124 1106/1106/1106
f 1106/1106/1106 1124/1124/1124 1125/1125/1125
f 1106/1106/1106 1125/1125/1125 1107/1107/1107
f 1107/1107/1107 1125/1125/1125 1126/1126/1126
f 1108/1108/1108 1127/1127/1127 1109/1109/1109
f 1109/1109/1109 1127/1127/1127 1128/1128/1128
f 1109/1109/1109 1128/1128/1128 1110/1110/1110
f 1110/1110/1110 1128/1128/1128 1129/1129/1129
f 1110/1110/1110 1129/1129/1129 1111/1111/1111
f 1111/1111/1111 1129/1129/1129 1130/1130/1130
f 1111/1111/1111 1130/1130/1130 1112/1112/1112
f 1112/1112/1112 1130/1130/1130 1131/1131/1131
f 1112/1112/1112 1131/1131/1131 1113/1113/1113
f 1113/1113/1113 1131/1131/1131 1132/1132/1132
f 1113/1113/1113 1132/1132/1132 1114/1114/1114
f 1114/1114/1114 1132/1132/1132 1133/1133/1133
f 1114/1114/1114 1133/1133/1133 1115/1115/1115
f 1115/1115/1115 1133/1133/1133 1134/1134/1134
f 1115/1115/1115 1134/1134/1134 1116/1116/1116
f 1116/1116/1116 1134/1134/1134 1135/1135/1135
f 1116/1116/1116 1135/1135/1135 1117/1117/1117
f 1117/1117/1117 1135/1135/1135 1136/1136/1136
f 1117/1117/1117 1136/1136/1136 1118/1118/1118
f 1118/1118/1118 1136/1136/1136 1137/1137/1137
f 1118/1118/1118 1137/1137/1137 1119/1119/1119
f 1119/1119/1119 1137/1137/1137 1138/1138/1138
f 1119/1119/1119 1138/1138/1138 1120/1120/1120
f 1120/1120/1120 1138/1138/1138 1139/1139/1139
f 1120/1120/1120 1139/1139/1139 1121/1121/1121
f 1121/1121/1121 1139/1139/1139 1140/1140/1140
f 1121/1121/1121 1140/1140/1140 1122/1122/1122
f 1122/1122/1122 1140/1140/1140 1141/1141/1141
f 1122/1122/1122 1141/1141/1141 1123/1123/1123
f 1123/1123/1123 1141/1141/1141 1142/1142/1142
f 1123/1123/1123 1142/1142/1142 1124/1124/1124
f 1124/1124/1124 1142/1142/1142 1143/1143/1143
f 1124/1124/1124 1143/1143/1143 1125/1125/1125
f 1125/1125/1125 1143/1143/1143 1144/1144/1144
f 1125/1125/1125 1144/1144/1144 1126/1126/1126
f 1126/1126/1126 1144/1144/1144 1145/1145/1145
f 1127/1127/1127 1146/1146/1146 1128/1128/1128
f 1128/1128/1128 1146/1146/1146 1147/1147/1147
f 1128/1128/1128 1147/1147/1147 1129/1129/1129
f 1129/1129/1129 1147/1147/1147 1148/1148/1148
f 1129/1129/1129 1148/1148/1148 1130/1130/1130
f 1130/1130/1130 1148/1148/1148 1149/1149/1149
f 1130/1130/1130 1149/1149/1149 1131/1131/1131
f 1131/1131/1131 1149/1149/1149 1150/1150/1150
f 1131/1131/1131 1150/1150/1150 1132/1132/1132
f 1132/1132/1132 1150/1150/1150 1151/1151/1151
f 1132/1132/1132 1151/1151/1151 1133/1133/1133
f 1133/1133/1133 1151/1151/1151 1152/1152/1152
f 1133/1133/1133 1152/1152/1152 1134/1134/1134
f 1134/1134/1134 1152/1152/1152 1153/1153/1153
f 1134/1134/1134 1153/1153/1153 1135/1135/1135
f 1135/1135/1135 1153/1153/1153 1154/1154/1154
f 1135/1135/1135 1154/1154/1154 1136/1136/1136
f 1136/1136/1136 1154/1154/1154 1155/1155/1155
f 1136/1136/1136 1155/1155/1155 1137/1137/1137
f 1137/1137/1137 1155/1155/1155 1156/1156/1156
f 1137/1137/1137 1156/1156/1156 1138/1138/1138
f 1138/1138/1138 1156/1156/1156 1157/1157/1157
f 1138/1138/1138 1157/1157/1157 1139/1139/1139
f 1139/1139/1139 1157/1157/1157 1158/1158/1158
f 1139/1139/1139 1158/1158/1158 1140/1140/1140
f 1140/1140/1140 1158/1158/1158 1159/1159/1159
f 1140/1140/1140 1159/1159/1159 1141/1141/1141
f 1141/1141/1141 1159/1159/1159 1160/1160/1160
f 1141/1141/1141 1160/1160/1160 1142/1142/1142
f 1142/1142/1142 1160/1160/1160 1161/1161/1161
f 1142/1142/1142 1161/1161/1161 1143/1143/1143
f 1143/1143/1143 1161/1161/1161 1162/1162/1162
f 1143/1143/1143 1162/1162/1162 1144/1144/1144
f 1144/1144/1144 1162/1162/1162 1163/1163/1163
f 1144/1144/1144 1163/1163/1163 1145/1145/1145
f 1145/1145/1145 1163/1163/1163 1164/1164/1164
f 1146/1146/1146 1165/1165/1165 1147/1147/1147
f 1147/1147/1147 1165/1165/1165 1166/1166/1166
f 1147/1147/1147 1166/1166/1166 1148/1148/1148
f 1148/1148/1148 1166/1166/1166 1167/1167/1167
f 1148/1148/1148 1167/1167/1167 1149/1149/1149
f 1149/1149/1149 1167/1167/1167 1168/1168/1168
f 1149/1149/1149 1168/1168/1168 1150/1150/1150
f 1150/1150/1150 1168/1168/1168 1169/1169/1169
f 1150/1150/1150 1169/1169/1169 1151/1151/1151
f 1151/1151/1151 1169/1169/1169 1170/1170/1170
f 1151/1151/1151 1170/1170/1170 1152/1152/1152
f 1152/1152/1152 1170/1170/1170 1171/1171/1171
f 1152/1152/1152 1171/1171/1171 1153/1153/1153
f 1153/1153/1153 1171/1171/1171 1172/1172/1172
f 1153/1153/1153 1172/1172/1172 1154/1154/1154
f 1154/1154/1154 1172/1172/1172 1173/1173/1173
f 1154/1154/1154 1173/1173/1173 1155/1155/1155
f 1155/1155/1155 1173/1173/1173 1174/1174/1174
f 1155/1155/1155 1174/1174/1174 1156/1156/1156
f 1156/1156/1156 1174/1174/1174 1175/1175/1175
f 1156/1156/1156 1175/1175/1175 1157/1157/1157
f 1157/1157/1157 1175/1175/1175 1176/1176/1176
f 1157/1157/1157 1176/1176/1176 1158/1158/1158
f 1158/1158/1158 1176/1176/1176 1177/1177/1177
f 1158/1158/1158 1177/1177/1177 1159/1159/1159
f 1159/1159/1159 1177/1177/1177 1178/1178/1178
f 1159/1159/1159 1178/1178/1178 1160/1160/1160
f 1160/1160/1160 1178/1178/1178 1179/1179/1179
f 1160/1160/1160 1179/1179/1179 1161/1161/1161
f 1161/1161/1161 1179/1179/1179 1180/1180/1180
f 1161/1161/1161 1180/1180/1180 1162/1162/1162
f 1162/1162/1162 1180/1180/1180 1181/1181/1181
f 1162/1162/1162 1181/1181/1181 1163/1163/1163
f 1163/1163/1163 1181/1181/1181 1182/1182/1182
f 1163/1163/1163 1182/1182/1182 1164/1164/1164
f 1164/1164/1164 1182/1182/1182 1183/1183/1183
f 1165/1165/1165 1184/1184/1184 1166/1166/1166
f 1166/1166/1166 1184/1184/1184 1185/1185/1185
f 1166/1166/1166 1185/1185/1185 1167/1167/1167
f 1167/1167/1167 1185/1185/1185 1186/1186/1186
f 1167/1167/1167 1186/1186/1186 1168/1168/1168
f 1168/1168/1168 1186/1186/1186 1187/1187/1187
f 1168/1168/1168 1187/1187/1187 1169/1169/1169
f 1169/1169/1169 1187/1187/1187 1188/1188/1188
f 1169/1169/1169 1188/1188/1188 1170/1170/1170
f 1170/1170/1170 1188/1188/1188 1189/1189/1189
f 1170/1170/1170 1189/1189/1189 1171/1171/1171
f 1171/1171/1171 1189/1189/1189 1190/1190/1190
f 1171/1171/1171 1190/1190/1190 1172/1172/1172
f 1172/1172/1172 1190/1190/1190 1191/1191/1191
f 1172/1172/1172 1191/1191/1191 1173/1173/1173
f 1173/1173/1173 1191/1191/1191 1192/1192/1192
f 1173/1173/1173 1192/1192/1192 1174/1174/1174
f 1174/1174/1174 1192/1192/1192 1193/1193/1193
f 1174/1174/1174 1193/1193/1193 1175/1175/1175
f 1175/1175/1175 1193/1193/1193 1194/1194/1194
f 1175/1175/1175 1194/1194/1194 1176/1176/1176
f 1176/1176/1176 1194/1194/1194 1195/1195/1195
f 1176/1176/1176 1195/1195/1195 1177/1177/1177
f 1177/1177/1177 1195/1195/1195 1196/1196/1196
f 1177/1177/1177 1196/1196/1196 1178/1178/1178
f 1178/1178/1178 1196/1196/1196 1197/1197/1197
f 1178/1178/1178 1197/1197/1197 1179/1179/1179
f 1179/1179/1179 1197/1197/1197 1198/1198/1198
f 1179/1179/1179 1198/1198/1198 1180/1180/1180
f 1180/1180/1180 1198/1198/1198 1199/1199/1199
f 1180/1180/1180 1199/1199/1199 1181/1181/1181
f 1181/1181/1181 1199/1199/1199 1200/1200/1200
f 1181/1181/1181 1200/1200/1200 1182/1182/1182
f 1182/1182/1182 1200/1200/1200 1201/1201/1201
f 1182/1182/1182 1201/1201/1201 1183/1183/1183
f 1183/1183/1183 1201/1201/1201 1202/1202/1202
f 1184/1184/1184 1203/1203/1203 1185/1185/1185
f 1185/1185/1185 1203/1203/1203 1204/1204/1204
f 1185/1185/1185 1204/1204/1204 1186/1186/1186
f 1186/1186/1186 1204/1204/1204 1205/1205/1205
f 1186/1186/1186 1205/1205/1205 1187/1187/1187
f 1187/1187/1187 1205/1205/1205 1206/1206/1206
f 1187/1187/1187 1206/1206/1206 1188/1188/1188
f 1188/1188/1188 1206/1206/1206 1207/1207/1207
f 1188/1188/1188 1207/1207/1207 1189/1189/1189
f 1189/1189/1189 1207/1207/1207 1208/1208/1208
f 1189/1189/1189 1208/1208/1208 1190/1190/1190
f 1190/1190/1190 1208/1208/1208 1209/1209/1209
f 1190/1190/1190 1209/1209/1209 1191/1191/1191
f 1191/1191/1191 1209/1209/1209 1210/1210/1210
f 1191/1191/1191 1210/1210/1210 1192/1192/1192
f 1192/1192/1192 1210/1210/1210 1211/1211/1211
f 1192/1192/1192 1211/1211/1211 1193/1193/1193
f 1193/1193/1193 1211/1211/1211 1212/1212/1212
f 1193/1193/1193 1212/1212/1212 1194/1194/1194
f 1194/1194/1194 1212/1212/1212 1213/1213/1213
f 1194/1194/1194 1213/1213/1213 1195/1195/1195
f 1195/1195/1195 1213/1213/1213 1214/1214/1214
f 1195/1195/1195 1214/1214/1214 1196/1196/1196
f 1196/1196/1196 1214/1214/1214 1215/1215/1215
f 1196/1196/1196 1215/1215/1215 1197/1197/1197
f 1197/1197/1197 1215/1215/1215 1216/1216/1216
f 1197/1197/1197 1216/1216/1216 1198/1198/1198
f 1198/1198/1198 1216/1216/1216 1217/1217/1217
f 1198/1198/1198 1217/1217/1217 1199/1199/1199
f 1199/1199/1199 1217/1217/1217 1218/1218/1218
f 1199/1199/1199 1218/1218/1218 1200/1200/1200
f 1200/1200/1200 1218/1218/1218 1219/1219/1219
f 1200/1200/1200 1219/1219/1219 1201/1201/1201
f 1201/1201/1201 1219/1219/1219 1220/1220/1220
f 1201/1201/1201 1220/1220/1220 1202/1202/1202
f 1202/1202/1202 1220/1220/1220 1221/1221/1221
f 1203/1203/1203 1222/1222/1222 1204/1204/1204
f 1204/1204/1204 1222/1222/1222 1223/1223/1223
f 1204/1204/1204 1223/1223/1223 1205/1205/1205
f 1205/1205/1205 1223/1223/1223 1224/1224/1224
f 1205/1205/1205 1224/1224/1224 1206/1206/1206
f 1206/1206/1206 1224/1224/1224 1225/1225/1225
f 1206/1206/1206 1225/1225/1225 1207/1207/1207
f 1207/1207/1207 1225/1225/1225 1226/1226/1226
f 1207/1207/1207 1226/1226/1226 1208/1208/1208
f 1208/1208/1208 1226/1226/1226 1227/1227/1227
f 1208/1208/1208 1227/1227/1227 1209/1209/1209
f 1209/1209/1209 1227/1227/1227 1228/1228/1228
f 1209/1209/1209 1228/1228/1228 1210/1210/1210
f 1210/1210/1210 1228/1228/1228 1229/1229/1229
f 1210/1210/1210 1229/1229/1229 1211/1211/1211
f 1211/1211/1211 1229/1229/1229 1230/1230/1230
f 1211/1211/1211 1230/1230/1230 1212/1212/1212
f 1212/1212/1212 1230/1230/1230 1231/1231/1231
f 1212/1212/1212 1231/1231/1231 1213/1213/1213
f 1213/1213/1213 1231/1231/1231 1232/1232/1232
f 1213/1213/1213 1232/1232/1232 1214/1214/1214
f 1214/1214/1214 1232/1232/1232 1233/1233/1233
f 1214/1214/1214 1233/1233/1233 1215/1215/1215
f 1215/1215/1215 1233/1233/1233 1234/1234/1234
f 1215/1215/1215 1234/1234/1234 1216/1216/1216
f 1216/1216/1216 1234/1234/1234 1235/1235/1235
f 1216/1216/1216 1235/1235/1235 1217/1217/1217
f 1217/1217/1217 1235/1235/1235 1236/1236/1236
f 1217/1217/1217 1236/1236/1236 1218/1218/1218
f 1218/1218/1218 1236/1236/1236 1237/1237/1237
f 1218/1218/1218 1237/1237/1237 1219/1219/1219
f 1219/1219/1219 1237/1237/1237 1238/1238/1238
f 1219/1219/1219 1238/1238/1238 1220/1220/1220
f 1220/1220/1220 1238/1238/1238 1239/1239/1239
f 1220/1220/1220 1239/1239/1239 1221/1221/1221
f 1221/1221/1221 1239/1239/1239 1240/1240/1240
f 1222/1222/1222 1241/1241/1241 1223/1223/1223
f 1223/1223/1223 1241/1241/1241 1242/1242/1242
f 1223/1223/1223 1242/1242/1242 1224/1224/1224
f 1224/1224/1224 1242/1242/1242 1243/1243/1243
f 1224/1224/1224 1243/1243/1243 1225/1225/1225
f 1225/1225/1225 1243/1243/1243 1244/1244/1244
f 1225/1225/1225 1244/1244/1244 1226/1226/1226
f 1226/1226/1226 1244/1244/1244 1245/1245/1245
f 1226/1226/1226 1245/1245/1245 1227/1227/1227
f 1227/1227/1227 1245/1245/1245 1246/1246/1246
f 1227/1227/1227 1246/1246/1246 1228/1228/1228
f 1228/1228/1228 1246/1246/1246 1247/1247/1247
f 1228/1228/1228 1247/1247/1247 1229/1229/1229
f 1229/1229/1229 1247/1247/1247 1248/1248/1248
f 1229/1229/1229 1248/1248/1248 1230/1230/1230
f 1230/1230/1230 1248/1248/1248 1249/1249/1249
f 1230/1230/1230 1249/1249/1249 1231/1231/1231
f 1231/1231/1231 1249/1249/1249 1250/1250/1250
f 1231/1231/1231 1250/1250/1250 1232/1232/1232
f 1232/1232/1232 1250/1250/1250 1251/1251/1251
f 1232/1232/1232 1251/1251/1251 1233/1233/1233
f 1233/1233/1233 1251/1251/1251 1252/1252/1252
f 1233/1233/1233 1252/1252/1252 1234/1234/1234
f 1234/1234/1234 1252/1252/1252 1253/1253/1253
f 1234/1234/1234 1253/1253/1253 1235/1235/1235
f 1235/1235/1235 1253/1253/1253 1254/1254/1254
f 1235/1235/1235 1254/1254/1254 1236/1236/1236
f 1236/1236/1236 1254/1254/1254 1255/1255/1255
f 1236/1236/1236 1255/1255/1255 1237/1237/1237
f 1237/1237/1237 1255/1255/1255 1256/1256/1256
f 1237/1237/1237 1256/1256/1256 1238/1238/1238
f 1238/1238/1238 1256/1256/1256 1257/1257/1257
f 1238/1238/1238 1257/1257/1257 1239/1239/1239
f 1239/1239/1239 1257/1257/1257 1258/1258/1258
f 1239/1239/1239 1258/1258/1258 1240/1240/1240
f 1240/1240/1240 1258/1258/1258 1259/1259/1259
f 1260/1260/1260 1279/1279/1279 1280/1280/1280
f 1260/1260/1260 1280/1280/1280 1261/1261/1261
f 1261/1261/1261 1280/1280/1280 1281/1281/1281
f 1261/1261/1261 1281/1281/1281 1262/1262/1262
f 1262/1262/1262 1281/1281/1281 1282/1282/1282
f 1262/1262/1262 1282/1282/1282 1263/1263/1263
f 1263/1263/1263 1282/1282/1282 1283/1283/1283
f 1263/1263/1263 1283/1283/1283 1264/1264/1264
f 1264/1264/1264 1283/1283/1283 1284/1284/1284
f 1264/1264/1264 1284/1284/1284 1265/1265/1265
f 1265/1265/1265 1284/1284/1284 1285/1285/1285
f 1265/1265/1265 1285/1285/1285 1266/1266/1266
f 1266/1266/1266 1285/1285/1285 1286/1286/1286
f 1266/1266/1266 1286/1286/1286 1267/1267/1267
f 1267/1267/1267 1286/1286/1286 1287/1287/1287
f 1267/1267/1267 1287/1287/1287 1268/1268/1268
f 1268/1268/1268 1287/1287/1287 1288/1288/1288
f 1268/1268/1268 1288/1288/1288 1269/1269/1269
f 1269/1269/1269 1288/1288/1288 1289/1289/1289
f 1269/1269/1269 1289/1289/1289 1270/1270/1270
f 1270/1270/1270 1289/1289/1289 1290/1290/1290
f 1270/1270/1270 1290/1290/1290 1271/1271/1271
f 1271/1271/1271 1290/1290/1290 1291/1291/1291
f 1271/1271/1271 1291/1291/1291 1272/1272/1272
f 1272/1272/1272 1291/1291/1291 1292/1292/1292
f 1272/1272/1272 1292/1292/1292 1273/1273/1273
f 1273/1273/1273 1292/1292/1292 1293/1293/1293
f 1273/1273/1273 1293/1293/1293 1274/1274/1274
f 1274/1274/1274 1293/1293/1293 1294/1294/1294
f 1274/1274/1274 1294/1294/1294 1275/1275/1275
f 1275/1275/1275 1294/1294/1294 1295/1295/1295
f 1275/1275/1275 1295/1295/1295 1276/1276/1276
f 1276/1276/1276 1295/1295/1295 1296/1296/1296
f 1276/1276/1276 1296/1296/1296 1277/1277/1277
f 1277/1277/1277 1296/1296/1296 1297/1297/1297
f 1277/1277/1277 1297/1297/1297 1278/1278/1278
f 1279/1279/1279 1298/1298/1298 1299/1299/1299
f 1279/1279/1279 1299/1299/1299 1280/1280/1280
f 1280/1280/1280 1299/1299/1299 1300/1300/1300
f 1280/1280/1280 1300/1300/1300 1281/1281/1281
f 1281/1281/1281 1300/1300/1300 1301/1301/1301
f 1281/1281/1281 1301/1301/1301 1282/1282/1282
f 1282/1282/1282 1301/1301/1301 1302/1302/1302
f 1282/1282/1282 1302/1302/1302 1283/1283/1283
f 1283/1283/1283 1302/1302/1302 1303/1303/1303
f 1283/1283/1283 1303/1303/1303 1284/1284/1284
f 1284/1284/1284 1303/1303/1303 1304/1304/1304
f 1284/1284/1284 1304/1304/1304 1285/1285/1285
f 1285/1285/1285 1304/1304/1304 1305/1305/1305
f 1285/1285/1285 1305/1305/1305 1286/1286/1286
f 1286/1286/1286 1305/1305/1305 1306/1306/1306
f 1286/1286/1286 1306/1306/1306 1287/1287/1287
f 1287/1287/1287 1306/1306/1306 1307/1307/1307
f 1287/1287/1287 1307/1307/1307 1288/1288/1288
f 1288/1288/1288 1307/1307/1307 1308/1308/1308
f 1288/1288/1288 1308/1308/1308 1289/1289/1289
f 1289/1289/1289 1308/1308/1308 1309/1309/1309
f 1289/1289/1289 1309/1309/1309 1290/1290/1290
f 1290/1290/1290 1309/1309/1309 1310/1310/1310
f 1290/1290/1290 1310/1310/1310 1291/1291/1291
f 1291/1291/1291 1310/1310/1310 1311/1311/1311
f 1291/1291/1291 1311/1311/1311 1292/1292/1292
f 1292/1292/1292 1311/1311/1311 1312/1312/1312
f 1292/1292/1292 1312/1312/1312 1293/1293/1293
f 1293/1293/1293 1312/1312/1312 1313/1313/1313
f 1293/1293/1293 1313/1313/1313 1294/1294/1294
f 1294/1294/1294 1313/1313/1313 1314/1314/1314
f 1294/1294/1294 1314/1314/1314 1295/1295/1295
f 1295/1295/1295 1314/1314/1314 1315/1315/1315
f 1295/1295/1295 1315/1315/1315 1296/1296/1296
f 1296/1296/1296 1315/1315/1315 1316/1316/1316
f 1296/1296/1296 1316/1316/1316 1297/1297/1297
f 1298/1298/1298 1317/1317/1317 1318/1318/1318
f 1298/1298/1298 1318/1318/1318 1299/1299/1299
f 1299/1299/1299 1318/1318/1318 1319/1319/1319
f 1299/1299/1299 1319/1319/1319 1300/1300/1300
f 1300/1300/1300 1319/1319/1319 1320/1320/1320
f 1300/1300/1300 1320/1320/1320 1301/1301/1301
f 1301/1301/1301 1320/1320/1320 1321/1321/1321
f 1301/1301/1301 1321/1321/1321 1302/1302/1302
f 1302/1302/1302 1321/1321/1321 1322/1322/1322
f 1302/1302/1302 1322/1322/1322 1303/1303/1303
f 1303/1303/1303 1322/1322/1322 1323/1323/1323
f 1303/1303/1303 1323/1323/1323 1304/1304/1304
f 1304/1304/1304 1323/1323/1323 1324/1324/1324
f 1304/1304/1304 1324/1324/1324 1305/1305/1305
f 1305/1305/1305 1324/1324/1324 1325/1325/1325
f 1305/1305/1305 1325/1325/1325 1306/1306/1306
f 1306/1306/1306 1325/1325/1325 1326/1326/1326
f 1306/1306/1306 1326/1326/1326 1307/1307/1307
f 1307/1307/1307 1326/1326/1326 1327/1327/1327
f 1307/1307/1307 1327/1327/1327 1308/1308/1308
f 1308/1308/1308 1327/1327/1327 1328/1328/1328
f 1308/1308/1308 1328/1328/1328 1309/1309/1309
f 1309/1309/1309 1328/1328/1328 1329/1329/1329
f 1309/1309/1309 1329/1329/1329 1310/1310/1310
f 1310/1310/1310 1329/1329/1329 1330/1330/1330
f 1310/1310/1310 1330/1330/1330 1311/1311/1311
f 1311/1311/1311 1330/1330/1330 1331/1331/1331
f 1311/1311/1311 1331/1331/1331 1312/1312/1312
f 1312/1312/1312 1331/1331/1331 1332/1332/1332
f 1312/1312/1312 1332/1332/1332 1313/1313/1313
f 1313/1313/1313 1332/1332/1332 1333/1333/1333
f 1313/1313/1313 1333/1333/1333 1314/1314/1314
f 1314/1314/1314 1333/1333/1333 1334/1334/1334
f 1314/1314/1314 1334/1334/1334 1315/1315/1315
f 1315/1315/1315 1334/1334/1334 1335/1335/1335
f 1315/1315/1315 1335/1335/1335 1316/1316/1316
f 1317/1317/1317 1336/1336/1336 1337/1337/1337
f 1317/1317/1317 1337/1337/1337 1318/1318/1318
f 1318/1318/1318 1337/1337/1337 1338/1338/1338
f 1318/1318/1318 1338/1338/1338 1319/1319/1319
f 1319/1319/1319 1338/1338/1338 1339/1339/1339
f 1319/1319/1319 1339/1339/1339 1320/1320/1320
f 1320/1320/1320 1339/1339/1339 1340/1340/1340
f 1320/1320/1320 1340/1340/1340 1321/1321/1321
f 1321/1321/1321 1340/1340/1340 1341/1341/1341
f 1321/1321/1321 1341/1341/1341 1322/1322/1322
f 1322/1322/1322 1341/1341/1341 1342/1342/1342
f 1322/1322/1322 1342/1342/1342 1323/1323/1323
f 1323/1323/1323 1342/1342/1342 1343/1343/1343
f 1323/1323/1323 1343/1343/1343 1324/1324/1324
f 1324/1324/1324 1343/1343/1343 1344/1344/1344
f 1324/1324/1324 1344/1344/1344 1325/1325/1325
f 1325/1325/1325 1344/1344/1344 1345/1345/1345
f 1325/1325/1325 1345/1345/1345 1326/1326/1326
f 1326/1326/1326 1345/1345/1345 1346/1346/1346
f 1326/1326/1326 1346/1346/1346 1327/1327/1327
f 1327/1327/1327 1346/1346/1346 1347/1347/1347
f 1327/1327/1327 1347/1347/1347 1328/1328/1328
f 1328/1328/1328 1347/1347/1347 1348/1348/1348
f 1328/1328/1328 1348/1348/1348 1329/1329/1329
f 1329/1329/1329 1348/1348/1348 1349/1349/1349
f 1329/1329/1329 1349/1349/1349 1330/1330/1330
f 1330/1330/1330 1349/1349/1349 1350/1350/1350
f 1330/1330/1330 1350/1350/1350 1331/1331/1331
f 1331/1331/1331 1350/1350/1350 1351/1351/1351
f 1331/1331/1331 1351/1351/1351 1332/1332/1332
f 1332/1332/1332 1351/1351/1351 1352/1352/1352
f 1332/1332/1332 1352/1352/1352 1333/1333/1333
f 1333/1333/1333 1352/1352/1352 1353/1353/1353
f 1333/1333/1333 1353/1353/1353 1334/1334/1334
f 1334/1334/1334 1353/1353/1353 1354/1354/1354
f 1334/1334/1334 1354/1354/1354 1335/1335/1335
f 1336/1336/1336 1355/1355/1355 1356/1356/1356
f 1336/1336/1336 1356/1356/1356 1337/1337/1337
f 1337/1337/1337 1356/1356/1356 1357/1357/1357
f 1337/1337/1337 1357/1357/1357 1338/1338/1338
f 1338/1338/1338 1357/1357/1357 1358/1358/1358
f 1338/1338/1338 1358/1358/1358 1339/1339/1339
f 1339/1339/1339 1358/1358/1358 1359/1359/1359
f 1339/1339/1339 1359/1359/1359 1340/1340/1340
f 1340/1340/1340 1359/1359/1359 1360/1360/1360
f 1340/1340/1340 1360/1360/1360 1341/1341/1341
f 1341/1341/1341 1360/1360/1360 1361/1361/1361
f 1341/1341/1341 1361/1361/1361 1342/1342/1342
f 1342/1342/1342 1361/1361/1361 1362/1362/1362
f 1342/1342/1342 1362/1362/1362 1343/1343/1343
f 1343/1343/1343 1362/1362/1362 1363/1363/1363
f 1343/1343/1343 1363/1363/1363 1344/1344/1344
f 1344/1344/1344 1363/1363/1363 1364/1364/1364
f 1344/1344/1344 1364/1364/1364 1345/1345/1345
f 1345/1345/1345 1364/1364/1364 1365/1365/1365
f 1345/1345/1345 1365/1365/1365 1346/1346/1346
f 1346/1346/1346 1365/1365/1365 1366/1366/1366
f 1346/1346/1346 1366/1366/1366 1347/1347/1347
f 1347/1347/1347 1366/1366/1366 1367/1367/1367
f 1347/1347/1347 1367/1367/1367 1348/1348/1348
f 1348/1348/1348 1367/1367/1367 1368/1368/1368
f 1348/1348/1348 1368/1368/1368 1349/1349/1349
f 1349/1349/1349 1368/1368/1368 1369/1369/1369
f 1349/1349/1349 1369/1369/1369 1350/1350/1350
f 1350/1350/1350 1369/1369/1369 1370/1370/1370
f 1350/1350/1350 1370/1370/1370 1351/1351/1351
f 1351/1351/1351 1370/1370/1370 1371/1371/1371
f 1351/1351/1351 1371/1371/1371 1352/1352/1352
f 1352/1352/1352 1371/1371/1371 1372/1372/1372
f 1352/1352/1352 1372/1372/1372 1353/1353/1353
f 1353/1353/1353 1372/1372/1372 1373/1373/1373
f 1353/1353/1353 1373/1373/1373 1354/1354/1354
f 1355/1355/1355 1374/1374/1374 1375/1375/1375
f 1355/1355/1355 1375/1375/1375 1356/1356/1356
f 1356/1356/1356 1375/1375/1375 1376/1376/1376
f 1356/1356/1356 1376/1376/1376 1357/1357/1357
f 1357/1357/1357 1376/1376/1376 1377/1377/1377
f 1357/1357/1357 1377/1377/1377 1358/1358/1358
f 1358/1358/1358 1377/1377/1377 1378/1378/1378
f 1358/1358/1358 1378/1378/1378 1359/1359/1359
f 1359/1359/1359 1378/1378/1378 1379/1379/1379
f 1359/1359/1359 1379/1379/1379 1360/1360/1360
f 1360/1360/1360 1379/1379/1379 1380/1380/1380
f 1360/1360/1360 1380/1380/1380 1361/1361/1361
f 1361/1361/1361 1380/1380/1380 1381/1381/1381
f 1361/1361/1361 1381/1381/1381 1362/1362/1362
f 1362/1362/1362 1381/1381/1381 1382/1382/1382
f 1362/1362/1362 1382/1382/1382 1363/1363/1363
f 1363/1363/1363 1382/1382/1382 1383/1383/1383
f 1363/1363/1363 1383/1383/1383 1364/1364/1364
f 1364/1364/1364 1383/1383/1383 1384/1384/1384
f 1364/1364/1364 1384/1384/1384 1365/1365/1365
f 1365/1365/1365 1384/1384/1384 1385/1385/1385
f 1365/1365/1365 1385/1385/1385 1366/1366/1366
f 1366/1366/1366 1385/1385/1385 1386/1386/1386
f 1366/1366/1366 1386/1386/1386 1367/1367/1367
f 1367/1367/1367 1386/1386/1386 1387/1387/1387
f 1367/1367/1367 1387/1387/1387 1368/1368/1368
f 1368/1368/1368 1387/1387/1387 1388/1388/1388
f 1368/1368/1368 1388/1388/1388 1369/1369/1369
f 1369/1369/1369 1388/1388/1388 1389/1389/1389
f 1369/1369/1369 1389/1389/1389 1370/1370/1370
f 1370/1370/1370 1389/1389/1389 1390/1390/1390
f 1370/1370/1370 1390/1390/1390 1371/1371/1371
f 1371/1371/1371 1390/1390/1390 1391/1391/1391
f 1371/1371/1371 1391/1391/1391 1372/1372/1372
f 1372/1372/1372 1391/1391/1391 1392/1392/1392
f 1372/1372/1372 1392/1392/1392 1373/1373/1373
f 1393/1393/1393 1260/1260/1260 1261/1261/1261
f 1393/1393/1393 1261/1261/1261 1262/1262/1262
f 1393/1393/1393 1262/1262/1262 1263/1263/1263
f 1393/1393/1393 1263/1263/1263 1264/1264/1264
f 1393/1393/1393 1264/1264/1264 1265/1265/1265
f 1393/1393/1393 1265/1265/1265 1266/1266/1266
f 1393/1393/1393 1266/1266/1266 1267/1267/1267
f 1393/1393/1393 1267/1267/1267 1268/1268/1268
f 1393/1393/1393 1268/1268/1268 1269/1269/1269
f 1393/1393/1393 1269/1269/1269 1270/1270/1270
f 1393/1393/1393 1270/1270/1270 1271/1271/1271
f 1393/1393/1393 1271/1271/1271 1272/1272/1272
f 1393/1393/1393 1272/1272/1272 1273/1273/1273
f 1393/1393/1393 1273/1273/1273 1274/1274/1274
f 1393/1393/1393 1274/1274/1274 1275/1275/1275
f 1393/1393/1393 1275/1275/1275 1276/1276/1276
f 1393/1393/1393 1276/1276/1276 1277/1277/1277
f 1393/1393/1393 1277/1277/1277 1278/1278/1278
f 1394/1394/1394 1374/1374/1374 1375/1375/1375
f 1394/1394/1394 1375/1375/1375 1376/1376/1376
f 1394/1394/1394 1376/1376/1376 1377/1377/1377
f 1394/1394/1394 1377/1377/1377 1378/1378/1378
f 1394/1394/1394 1378/1378/1378 1379/1379/1379
f 1394/1394/1394 1379/1379/1379 1380/1380/1380
f 1394/1394/1394 1380/1380/1380 1381/1381/1381
f 1394/1394/1394 1381/1381/1381 1382/1382/1382
f 1394/1394/1394 1382/1382/1382 1383/1383/1383
f 1394/1394/1394 1383/1383/1383 1384/1384/1384
f 1394/1394/1394 1384/1384/1384 1385/1385/1385
f 1394/1394/1394 1385/1385/1385 1386/1386/1386
f 1394/1394/1394 1386/1386/1386 1387/1387/1387
f 1394/1394/1394 1387/1387/1387 1388/1388/1388
f 1394/1394/1394 1388/1388/1388 1389/1389/1389
f 1394/1394/1394 1389/1389/1389 1390/1390/1390
f 1394/1394/1394 1390/1390/1390 1391/1391/1391
f 1394/1394/1394 1391/1391/1391 1392/1392/1392
f 1395/1395/1395 1408/1408/1408 1409/1409/1409
f 1395/1395/1395 1409/1409/1409 1396/1396/1396
f 1396/1396/1396 1409/1409/1409 1410/1410/1410
f 1396/1396/1396 1410/1410/1410 1397/1397/1397
f 1397/1397/1397 1410/1410/1410 1411/1411/1411
f 1397/1397/1397 1411/1411/1411 1398/1398/1398
f 1398/1398/1398 1411/1411/1411 1412/1412/1412
f 1398/1398/1398 1412/1412/1412 1399/1399/1399
f 1399/1399/1399 1412/1412/1412 1413/1413/1413
f 1399/1399/1399 1413/1413/1413 1400/1400/1400
f 1400/1400/1400 1413/1413/1413 1414/1414/1414
f 1400/1400/1400 1414/1414/1414 1401/1401/1401
f 1401/1401/1401 1414/1414/1414 1415/1415/1415
f 1401/1401/1401 1415/1415/1415 1402/1402/1402
f 1402/1402/1402 1415/1415/1415 1416/1416/1416
f 1402/1402/1402 1416/1416/1416 1403/1403/1403
f 1403/1403/1403 1416/1416/1416 1417/1417/1417
f 1403/1403/1403 1417/1417/1417 1404/1404/1404
f 1404/1404/1404 1417/1417/1417 1418/1418/1418
f 1404/1404/1404 1418/1418/1418 1405/1405/1405
f 1405/1405/1405 1418/1418/1418 1419/1419/1419
f 1405/1405/1405 1419/1419/1419 1406/1406/1406
f 1406/1406/1406 1419/1419/1419 1420/1420/1420
f 1406/1406/1406 1420/1420/1420 1407/1407/1407
f 1408/1408/1408 1421/1421/1421 1422/1422/1422
f 1408/1408/1408 1422/1422/1422 1409/1409/1409
f 1409/1409/1409 1422/1422/1422 1423/1423/1423
f 1409/1409/1409 1423/1423/1423 1410/1410/1410
f 1410/1410/1410 1423/1423/1423 1424/1424/1424
f 1410/1410/1410 1424/1424/1424 1411/1411/1411
f 1411/1411/1411 1424/1424/1424 1425/1425/1425
f 1411/1411/1411 1425/1425/1425 1412/1412/1412
f 1412/1412/1412 1425/1425/1425 1426/1426/1426
f 1412/1412/1412 1426/1426/1426 1413/1413/1413
f 1413/1413/1413 1426/1426/1426 1427/1427/1427
f 1413/1413/1413 1427/1427/1427 1414/1414/1414
f 1414/1414/1414 1427/1427/1427 1428/1428/1428
f 1414/1414/1414 1428/1428/1428 1415/1415/1415
f 1415/1415/1415 1428/1428/1428 1429/1429/1429
f 1415/1415/1415 1429/1429/1429 1416/1416/1416
f 1416/1416/1416 1429/1429/1429 1430/1430/1430
f 1416/1416/1416 1430/1430/1430 1417/1417/1417
f 1417/1417/1417 1430/1430/1430 1431/1431/1431
f 1417/1417/1417 1431/1431/1431 1418/1418/1418
f 1418/1418/1418 1431/1431/1431 1432/1432/1432
f 1418/1418/1418 1432/1432/1432 1419/1419/1419
f 1419/1419/1419 1432/1432/1432 1433/1433/1433
f 1419/1419/1419 1433/1433/1433 1420/1420/1420
f 1421/1421/1421 1434/1434/1434 1435/1435/1435
f 1421/1421/1421 1435/1435/1435 1422/1422/1422
f 1422/1422/1422 1435/1435/1435 1436/1436/1436
f 1422/1422/1422 1436/1436/1436 1423/1423/1423
f 1423/1423/1423 1436/1436/1436 1437/1437/1437
f 1423/1423/1423 1437/1437/1437 1424/1424/1424
f 1424/1424/1424 1437/1437/1437 1438/1438/1438
f 1424/1424/1424 1438/1438/1438 1425/1425/1425
f 1425/1425/1425 1438/1438/1438 1439/1439/1439
f 1425/1425/1425 1439/1439/1439 1426/1426/1426
f 1426/1426/1426 1439/1439/1439 1440/1440/1440
f 1426/1426/1426 1440/1440/1440 1427/1427/1427
f 1427/1427/1427 1440/1440/1440 1441/1441/1441
f 1427/1427/1427 1441/1441/1441 1428/1428/1428
f 1428/1428/1428 1441/1441/1441 1442/1442/1442
f 1428/1428/1428 1442/1442/1442 1429/1429/1429
f 1429/1429/1429 1442/1442/1442 1443/1443/1443
f 1429/1429/1429 1443/1443/1443 1430/1430/1430
f 1430/1430/1430 1443/1443/1443 1444/1444/1444
f 1430/1430/1430 1444/1444/1444 1431/1431/1431
f 1431/1431/1431 1444/1444/1444 1445/1445/1445
f 1431/1431/1431 1445/1445/1445 1432/1432/1432
f 1432/1432/1432 1445/1445/1445 1446/1446/1446
f 1432/1432/1432 1446/1446/1446 1433/1433/1433
f 1434/1434/1434 1447/1447/1447 1448/1448/1448
f 1434/1434/1434 1448/1448/1448 1435/1435/1435
f 1435/1435/1435 1448/1448/1448 1449/1449/1449
f 1435/1435/1435 1449/1449/1449 1436/1436/1436
f 1436/1436/1436 1449/1449/1449 1450/1450/1450
f 1436/1436/1436 1450/1450/1450 1437/1437/1437
f 1437/1437/1437 1450/1450/1450 1451/1451/1451
f 1437/1437/1437 1451/1451/1451 1438/1438/1438
f 1438/1438/1438 1451/1451/1451 1452/1452/1452
f 1438/1438/1438 1452/1452/1452 1439/1439/1439
f 1439/1439/1439 1452/1452/1452 1453/1453/1453
f 1439/1439/1439 1453/1453/1453 1440/1440/1440
f 1440/1440/1440 1453/1453/1453 1454/1454/1454
f 1440/1440/1440 1454/1454/1454 1441/1441/1441
f 1441/1441/1441 1454/1454/1454 1455/1455/1455
f 1441/1441/1441 1455/1455/1455 1442/1442/1442
f 1442/1442/1442 1455/1455/1455 1456/1456/1456
f 1442/1442/1442 1456/1456/1456 1443/1443/1443
f 1443/1443/1443 1456/1456/1456 1457/1457/1457
f 1443/1443/1443 1457/1457/1457 1444/1444/1444
f 1444/1444/1444 1457/1457/1457 1458/1458/1458
f 1444/1444/1444 1458/1458/1458 1445/1445/1445
f 1445/1445/1445 1458/1458/1458 1459/1459/1459
f 1445/1445/1445 1459/1459/1459 1446/1446/1446
f 1447/1447/1447 1460/1460/1460 1461/1461/1461
f 1447/1447/1447 1461/1461/1461 1448/1448/1448
f 1448/1448/1448 1461/1461/1461 1462/1462/1462
f 1448/1448/1448 1462/1462/1462 1449/1449/1449
f 1449/1449/1449 1462/1462/1462 1463/1463/1463
f 1449/1449/1449 1463/1463/1463 1450/1450/1450
f 1450/1450/1450 1463/1463/1463 1464/1464/1464
f 1450/1450/1450 1464/1464/1464 1451/1451/1451
f 1451/1451/1451 1464/1464/1464 1465/1465/1465
f 1451/1451/1451 1465/1465/1465 1452/1452/1452
f 1452/1452/1452 1465/1465/1465 1466/1466/1466
f 1452/1452/1452 1466/1466/1466 1453/1453/1453
f 1453/1453/1453 1466/1466/1466 1467/1467/1467
f 1453/1453/1453 1467/1467/1467 1454/1454/1454
f 1454/1454/1454 1467/1467/1467 1468/1468/1468
f 1454/1454/1454 1468/1468/1468 1455/1455/1455
f 1455/1455/1455 1468/1468/1468 1469/1469/1469
f 1455/1455/1455 1469/1469/1469 1456/1456/1456
f 1456/1456/1456 1469/1469/1469 1470/1470/1470
f 1456/1456/1456 1470/1470/1470 1457/1457/1457
f 1457/1457/1457 1470/1470/1470 1471/1471/1471
f 1457/1457/1457 1471/1471/1471 1458/1458/1458
f 1458/1458/1458 1471/1471/1471 1472/1472/1472
f 1458/1458/1458 1472/1472/1472 1459/1459/1459
f 1460/1460/1460 1473/1473/1473 1474/1474/1474
f 1460/1460/1460 1474/1474/1474 1461/1461/1461
f 1461/1461/1461 1474/1474/1474 1475/1475/1475
f 1461/1461/1461 1475/1475/1475 1462/1462/1462
f 1462/1462/1462 1475/1475/1475 1476/1476/1476
f 1462/1462/1462 1476/1476/1476 1463/1463/1463
f 1463/1463/1463 1476/1476/1476 1477/1477/1477
f 1463/1463/1463 1477/1477/1477 1464/1464/1464
f 1464/1464/1464 1477/1477/1477 1478/1478/1478
f 1464/1464/1464 1478/1478/1478 1465/1465/1465
f 1465/1465/1465 1478/1478/1478 1479/1479/1479
f 1465/1465/1465 1479/1479/1479 1466/1466/1466
f 1466/1466/1466 1479/1479/1479 1480/1480/1480
f 1466/1466/1466 1480/1480/1480 1467/1467/1467
f 1467/1467/1467 1480/1480/1480 1481/1481/1481
f 1467/1467/1467 1481/1481/1481 1468/1468/1468
f 1468/1468/1468 1481/1481/1481 1482/1482/1482
f 1468/1468/1468 1482/1482/1482 1469/1469/1469
f 1469/1469/1469 1482/1482/1482 1483/1483/1483
f 1469/1469/1469 1483/1483/1483 1470/1470/1470
f 1470/1470/1470 1483/1483/1483 1484/1484/1484
f 1470/1470/1470 1484/1484/1484 1471/1471/1471
f 1471/1471/1471 1484/1484/1484 1485/1485/1485
f 1471/1471/1471 1485/1485/1485 1472/1472/1472
f 1473/1473/1473 1486/1486/1486 1487/1487/1487
f 1473/1473/1473 1487/1487/1487 1474/1474/1474
f 1474/1474/1474 1487/1487/1487 1488/1488/1488
f 1474/1474/1474 1488/1488/1488 1475/1475/1475
f 1475/1475/1475 1488/1488/1488 1489/1489/1489
f 1475/1475/1475 1489/1489/1489 1476/1476/1476
f 1476/1476/1476 1489/1489/1489 1490/1490/1490
f 1476/1476/1476 1490/1490/1490 1477/1477/1477
f 1477/1477/1477 1490/1490/1490 1491/1491/1491
f 1477/1477/1477 1491/1491/1491 1478/1478/1478
f 1478/1478/1478 1491/1491/1491 1492/1492/1492
f 1478/1478/1478 1492/1492/1492 1479/1479/1479
f 1479/1479/1479 1492/1492/1492 1493/1493/1493
f 1479/1479/1479 1493/1493/1493 1480/1480/1480
f 1480/1480/1480 1493/1493/1493 1494/1494/1494
f 1480/1480/1480 1494/1494/1494 1481/1481/1481
f 1481/1481/1481 1494/1494/1494 1495/1495/1495
f 1481/1481/1481 1495/1495/1495 1482/1482/1482
f 1482/1482/1482 1495/1495/1495 1496/1496/1496
f 1482/1482/1482 1496/1496/1496 1483/1483/1483
f 1483/1483/1483 1496/1496/1496 1497/1497/1497
f 1483/1483/1483 1497/1497/1497 1484/1484/1484
f 1484/1484/1484 1497/1497/1497 1498/1498/1498
f 1484/1484/1484 1498/1498/1498 1485/1485/1485
f 1486/1486/1486 1499/1499/1499 1500/1500/1500
f 1486/1486/1486 1500/1500/1500 1487/1487/1487
f 1487/1487/1487 1500/1500/1500 1501/1501/1501
f 1487/1487/1487 1501/1501/1501 1488/1488/1488
f 1488/1488/1488 1501/1501/1501 1502/1502/1502
f 1488/1488/1488 1502/1502/1502 1489/1489/1489
f 1489/1489/1489 1502/1502/1502 1503/1503/1503
f 1489/1489/1489 1503/1503/1503 1490/1490/1490
f 1490/1490/1490 1503/1503/1503 1504/1504/1504
f 1490/1490/1490 1504/1504/1504 1491/1491/1491
f 1491/1491/1491 1504/1504/1504 1505/1505/1505
f 1491/1491/1491 1505/1505/1505 1492/1492/1492
f 1492/1492/1492 1505/1505/1505 1506/1506/1506
f 1492/1492/1492 1506/1506/1506 1493/1493/1493
f 1493/1493/1493 1506/1506/1506 1507/1507/1507
f 1493/1493/1493 1507/1507/1507 1494/1494/1494
f 1494/1494/1494 1507/1507/1507 1508/1508/1508
f 1494/1494/1494 1508/1508/1508 1495/1495/1495
f 1495/1495/1495 1508/1508/1508 1509/1509/1509
f 1495/1495/1495 1509/1509/1509 1496/1496/1496
f 1496/1496/1496 1509/1509/1509 1510/1510/1510
f 1496/1496/1496 1510/1510/1510 1497/1497/1497
f 1497/1497/1497 1510/1510/1510 1511/1511/1511
f 1497/1497/1497 1511/1511/1511 1498/1498/1498
f 1499/1499/1499 1512/1512/1512 1513/1513/1513
f 1499/1499/1499 1513/1513/1513 1500/1500/1500
f 1500/1500/1500 1513/1513/1513 1514/1514/1514
f 1500/1500/1500 1514/1514/1514 1501/1501/1501
f 1501/1501/1501 1514/1514/1514 1515/1515/1515
f 1501/1501/1501 1515/1515/1515 1502/1502/1502
f 1502/1502/1502 1515/1515/1515 1516/1516/1516
f 1502/1502/1502 1516/1516/1516 1503/1503/1503
f 1503/1503/1503 1516/1516/1516 1517/1517/1517
f 1503/1503/1503 1517/1517/1517 1504/1504/1504
f 1504/1504/1504 1517/1517/1517 1518/1518/1518
f 1504/1504/1504 1518/1518/1518 1505/1505/1505
f 1505/1505/1505 1518/1518/1518 1519/1519/1519
f 1505/1505/1505 1519/1519/1519 1506/1506/1506
f 1506/1506/1506 1519/1519/1519 1520/1520/1520
f 1506/1506/1506 1520/1520/1520 1507/1507/1507
f 1507/1507/1507 1520/1520/1520 1521/1521/1521
f 1507/1507/1507 1521/1521/1521 1508/1508/1508
f 1508/1508/1508 1521/1521/1521 1522/1522/1522
f 1508/1508/1508 1522/1522/1522 1509/1509/1509
f 1509/1509/1509 1522/1522/1522 1523/1523/1523
f 1509/1509/1509 1523/1523/1523 1510/1510/1510
f 1510/1510/1510 1523/1523/1523 1524/1524/1524
f 1510/1510/1510 1524/1524/1524 1511/1511/1511
f 1512/1512/1512 1525/1525/1525 1526/1526/1526
f 1512/1512/1512 1526/1526/1526 1513/1513/1513
f 1513/1513/1513 1526/1526/1526 1527/1527/1527
f 1513/1513/1513 1527/1527/1527 1514/1514/1514
f 1514/1514/1514 1527/1527/1527 1528/1528/1528
f 1514/1514/1514 1528/1528/1528 1515/1515/1515
f 1515/1515/1515 1528/1528/1528 1529/1529/1529
f 1515/1515/1515 1529/1529/1529 1516/1516/1516
f 1516/1516/1516 1529/1529/1529 1530/1530/1530
f 1516/1516/1516 1530/1530/1530 1517/1517/1517
f 1517/1517/1517 1530/1530/1530 1531/1531/1531
f 1517/1517/1517 1531/1531/1531 1518/1518/1518
f 1518/1518/1518 1531/1531/1531 1532/1532/1532
f 1518/1518/1518 1532/1532/1532 1519/1519/1519
f 1519/1519/1519 1532/1532/1532 1533/1533/1533
f 1519/1519/1519 1533/1533/1533 1520/1520/1520
f 1520/1520/1520 1533/1533/1533 1534/1534/1534
f 1520/1520/1520 1534/1534/1534 1521/1521/1521
f 1521/1521/1521 1534/1534/1534 1535/1535/1535
f 1521/1521/1521 1535/1535/1535 1522/1522/1522
f 1522/1522/1522 1535/1535/1535 1536/1536/1536
f 1522/1522/1522 1536/1536/1536 1523/1523/1523
f 1523/1523/1523 1536/1536/1536 1537/1537/1537
f 1523/1523/1523 1537/1537/1537 1524/1524/1524
f 1525/1525/1525 1538/1538/1538 1539/1539/1539
f 1525/1525/1525 1539/1539/1539 1526/1526/1526
f 1526/1526/1526 1539/1539/1539 1540/1540/1540
f 1526/1526/1526 1540/1540/1540 1527/1527/1527
f 1527/1527/1527 1540/1540/1540 1541/1541/1541
f 1527/1527/1527 1541/1541/1541 1528/1528/1528
f 1528/1528/1528 1541/1541/1541 1542/1542/1542
f 1528/1528/1528 1542/1542/1542 1529/1529/1529
f 1529/1529/1529 1542/1542/1542 1543/1543/1543
f 1529/1529/1529 1543/1543/1543 1530/1530/1530
f 1530/1530/1530 1543/1543/1543 1544/1544/1544
f 1530/1530/1530 1544/1544/1544 1531/1531/1531
f 1531/1531/1531 1544/1544/1544 1545/1545/1545
f 1531/1531/1531 1545/1545/1545 1532/1532/1532
f 1532/1532/1532 1545/1545/1545 1546/1546/1546
f 1532/1532/1532 1546/1546/1546 1533/1533/1533
f 1533/1533/1533 1546/1546/1546 1547/1547/1547
f 1533/1533/1533 1547/1547/1547 1534/1534/1534
f 1534/1534/1534 1547/1547/1547 1548/1548/1548
f 1534/1534/1534 1548/1548/1548 1535/1535/1535
f 1535/1535/1535 1548/1548/1548 1549/1549/1549
f 1535/1535/1535 1549/1549/1549 1536/1536/1536
f 1536/1536/1536 1549/1549/1549 1550/1550/1550
f 1536/1536/1536 1550/1550/1550 1537/1537/1537
f 1538/1538/1538 1551/1551/1551 1552/1552/1552
f 1538/1538/1538 1552/1552/1552 1539/1539/1539
f 1539/1539/1539 1552/1552/1552 1553/1553/1553
f 1539/1539/1539 1553/1553/1553 1540/1540/1540
f 1540/1540/1540 1553/1553/1553 1554/1554/1554
f 1540/1540/1540 1554/1554/1554 1541/1541/1541
f 1541/1541/1541 1554/1554/1554 1555/1555/1555
f 1541/1541/1541 1555/1555/1555 1542/1542/1542
f 1542/1542/1542 1555/1555/1555 1556/1556/1556
f 1542/1542/1542 1556/1556/1556 1543/1543/1543
f 1543/1543/1543 1556/1556/1556 1557/1557/1557
f 1543/1543/1543 1557/1557/1557 1544/1544/1544
f 1544/1544/1544 1557/1557/1557 1558/1558/1558
f 1544/1544/1544 1558/1558/1558 1545/1545/1545
f 1545/1545/1545 1558/1558/1558 1559/1559/1559
f 1545/1545/1545 1559/1559/1559 1546/1546/1546
f 1546/1546/1546 1559/1559/1559 1560/1560/1560
f 1546/1546/1546 1560/1560/1560 1547/1547/1547
f 1547/1547/1547 1560/1560/1560 1561/1561/1561
f 1547/1547/1547 1561/1561/1561 1548/1548/1548
f 1548/1548/1548 1561/1561/1561 1562/1562/1562
f 1548/1548/1548 1562/1562/1562 1549/1549/1549
f 1549/1549/1549 1562/1562/1562 1563/1563/1563
f 1549/1549/1549 1563/1563/1563 1550/1550/1550
f 1551/1551/1551 1564/1564/1564 1565/1565/1565
f 1551/1551/1551 1565/1565/1565 1552/1552/1552
f 1552/1552/1552 1565/1565/1565 1566/1566/1566
f 1552/1552/1552 1566/1566/1566 1553/1553/1553
f 1553/1553/1553 1566/1566/1566 1567/1567/1567
f 1553/1553/1553 1567/1567/1567 1554/1554/1554
f 1554/1554/1554 1567/1567/1567 1568/1568/1568
f 1554/1554/1554 1568/1568/1568 1555/1555/1555
f 1555/1555/1555 1568/1568/1568 1569/1569/1569
f 1555/1555/1555 1569/1569/1569 1556/1556/1556
f 1556/1556/1556 1569/1569/1569 1570/1570/1570
f 1556/1556/1556 1570/1570/1570 1557/1557/1557
f 1557/1557/1557 1570/1570/1570 1571/1571/1571
f 1557/1557/1557 1571/1571/1571 1558/1558/1558
f 1558/1558/1558 1571/1571/1571 1572/1572/1572
f 1558/1558/1558 1572/1572/1572 1559/1559/1559
f 1559/1559/1559 1572/1572/1572 1573/1573/1573
f 1559/1559/1559 1573/1573/1573 1560/1560/1560
f 1560/1560/1560 1573/1573/1573 1574/1574/1574
f 1560/1560/1560 1574/1574/1574 1561/1561/1561
f 1561/1561/1561 1574/1574/1574 1575/1575/1575
f 1561/1561/1561 1575/1575/1575 1562/1562/1562
f 1562/1562/1562 1575/1575/1575 1576/1576/1576
f 1562/1562/1562 1576/1576/1576 1563/1563/1563
f 1564/1564/1564 1577/1577/1577 1578/1578/1578
f 1564/1564/1564 1578/1578/1578 1565/1565/1565
f 1565/1565/1565 1578/1578/1578 1579/1579/1579
f 1565/1565/1565 1579/1579/1579 1566/1566/1566
f 1566/1566/1566 1579/1579/1579 1580/1580/1580
f 1566/1566/1566 1580/1580/1580 1567/1567/1567
f 1567/1567/1567 1580/1580/1580 1581/1581/1581
f 1567/1567/1567 1581/1581/1581 1568/1568/1568
f 1568/1568/1568 1581/1581/1581 1582/1582/1582
f 1568/1568/1568 1582/1582/1582 1569/1569/1569
f 1569/1569/1569 1582/1582/1582 1583/1583/1583
f 1569/1569/1569 1583/1583/1583 1570/1570/1570
f 1570/1570/1570 1583/1583/1583 1584/1584/1584
f 1570/1570/1570 1584/1584/1584 1571/1571/1571
f 1571/1571/1571 1584/1584/1584 1585/1585/1585
f 1571/1571/1571 1585/1585/1585 1572/1572/1572
f 1572/1572/1572 1585/1585/1585 1586/1586/1586
f 1572/1572/1572 1586/1586/1586 1573/1573/1573
f 1573/1573/1573 1586/1586/1586 1587/1587/1587
f 1573/1573/1573 1587/1587/1587 1574/1574/1574
f 1574/1574/1574 1587/1587/1587 1588/1588/1588
f 1574/1574/1574 1588/1588/1588 1575/1575/1575
f 1575/1575/1575 1588/1588/1588 1589/1589/1589
f 1575/1575/1575 1589/1589/1589 1576/1576/1576
f 1577/1577/1577 1590/1590/1590 1591/1591/1591
f 1577/1577/1577 1591/1591/1591 1578/1578/1578
f 1578/1578/1578 1591/1591/1591 1592/1592/1592
f 1578/1578/1578 1592/1592/1592 1579/1579/1579
f 1579/1579/1579 1592/1592/1592 1593/1593/1593
f 1579/1579/1579 1593/1593/1593 1580/1580/1580
f 1580/1580/1580 1593/1593/1593 1594/1594/1594
f 1580/1580/1580 1594/1594/1594 1581/1581/1581
f 1581/1581/1581 1594/1594/1594 1595/1595/1595
f 1581/1581/1581 1595/1595/1595 1582/1582/1582
f 1582/1582/1582 1595/1595/1595 1596/1596/1596
f 1582/1582/1582 1596/1596/1596 1583/1583/1583
f 1583/1583/1583 1596/1596/1596 1597/1597/1597
f 1583/1583/1583 1597/1597/1597 1584/1584/1584
f 1584/1584/1584 1597/1597/1597 1598/1598/1598
f 1584/1584/1584 1598/1598/1598 1585/1585/1585
f 1585/1585/1585 1598/1598/1598 1599/1599/1599
f 1585/1585/1585 1599/1599/1599 1586/1586/1586
f 1586/1586/1586 1599/1599/1599 1600/1600/1600
f 1586/1586/1586 1600/1600/1600 1587/1587/1587
f 1587/1587/1587 1600/1600/1600 1601/1601/1601
f 1587/1587/1587 1601/1601/1601 1588/1588/1588
f 1588/1588/1588 1601/1601/1601 1602/1602/1602
f 1588/1588/1588 1602/1602/1602 1589/1589/1589
f 1590/1590/1590 1603/1603/1603 1604/1604/1604
f 1590/1590/1590 1604/1604/1604 1591/1591/1591
f 1591/1591/1591 1604/1604/1604 1605/1605/1605
f 1591/1591/1591 1605/1605/1605 1592/1592/1592
f 1592/1592/1592 1605/1605/1605 1606/1606/1606
f 1592/1592/1592 1606/1606/1606 1593/1593/1593
f 1593/1593/1593 1606/1606/1606 1607/1607/1607
f 1593/1593/1593 1607/1607/1607 1594/1594/1594
f 1594/1594/1594 1607/1607/1607 1608/1608/1608
f 1594/1594/1594 1608/1608/1608 1595/1595/1595
f 1595/1595/1595 1608/1608/1608 1609/1609/1609
f 1595/1595/1595 1609/1609/1609 1596/1596/1596
f 1596/1596/1596 1609/1609/1609 1610/1610/1610
f 1596/1596/1596 1610/1610/1610 1597/1597/1597
f 1597/1597/1597 1610/1610/1610 1611/1611/1611
f 1597/1597/1597 1611/1611/1611 1598/1598/1598
f 1598/1598/1598 1611/1611/1611 1612/1612/1612
f 1598/1598/1598 1612/1612/1612 1599/1599/1599
f 1599/1599/1599 1612/1612/1612 1613/1613/1613
f 1599/1599/1599 1613/1613/1613 1600/1600/1600
f 1600/1600/1600 1613/1613/1613 1614/1614/1614
f 1600/1600/1600 1614/1614/1614 1601/1601/1601
f 1601/1601/1601 1614/1614/1614 1615/1615/1615
f 1601/1601/1601 1615/1615/1615 1602/1602/1602
f 1603/1603/1603 1616/1616/1616 1617/1617/1617
f 1603/1603/1603 1617/1617/1617 1604/1604/1604
f 1604/1604/1604 1617/1617/1617 1618/1618/1618
f 1604/1604/1604 1618/1618/1618 1605/1605/1605
f 1605/1605/1605 1618/1618/1618 1619/1619/1619
f 1605/1605/1605 1619/1619/1619 1606/1606/1606
f 1606/1606/1606 1619/1619/1619 1620/1620/1620
f 1606/1606/1606 1620/1620/1620 1607/1607/1607
f 1607/1607/1607 1620/1620/1620 1621/1621/1621
f 1607/1607/1607 1621/1621/1621 1608/1608/1608
f 1608/1608/1608 1621/1621/1621 1622/1622/1622
f 1608/1608/1608 1622/1622/1622 1609/1609/1609
f 1609/1609/1609 1622/1622/1622 1623/1623/1623
f 1609/1609/1609 1623/1623/1623 1610/1610/1610
f 1610/1610/1610 1623/1623/1623 1624/1624/1624
f 1610/1610/1610 1624/1624/1624 1611/1611/1611
f 1611/1611/1611 1624/1624/1624 1625/1625/1625
f 1611/1611/1611 1625/1625/1625 1612/1612/1612
f 1612/1612/1612 1625/1625/1625 1626/1626/1626
f 1612/1612/1612 1626/1626/1626 1613/1613/1613
f 1613/1613/1613 1626/1626/1626 1627/1627/1627
f 1613/1613/1613 1627/1627/1627 1614/1614/1614
f 1614/1614/1614 1627/1627/1627 1628/1628/1628
f 1614/1614/1614 1628/1628/1628 1615/1615/1615
f 1616/1616/1616 1629/1629/1629 1630/1630/1630
f 1616/1616/1616 1630/1630/1630 1617/1617/1617
f 1617/1617/1617 1630/1630/1630 1631/1631/1631
f 1617/1617/1617 1631/1631/1631 1618/1618/1618
f 1618/1618/1618 1631/1631/1631 1632/1632/1632
f 1618/1618/1618 1632/1632/1632 1619/1619/1619
f 1619/1619/1619 1632/1632/1632 1633/1633/1633
f 1619/1619/1619 1633/1633/1633 1620/1620/1620
f 1620/1620/1620 1633/1633/1633 1634/1634/1634
f 1620/1620/1620 1634/1634/1634 1621/1621/1621
f 1621/1621/1621 1634/1634/1634 1635/1635/1635
f 1621/1621/1621 1635/1635/1635 1622/1622/1622
f 1622/1622/1622 1635/1635/1635 1636/1636/1636
f 1622/1622/1622 1636/1636/1636 1623/1623/1623
f 1623/1623/1623 1636/1636/1636 1637/1637/1637
f 1623/1623/1623 1637/1637/1637 1624/1624/1624
f 1624/1624/1624 1637/1637/1637 1638/1638/1638
f 1624/1624/1624 1638/1638/1638 1625/1625/1625
f 1625/1625/1625 1638/1638/1638 1639/1639/1639
f 1625/1625/1625 1639/1639/1639 1626/1626/1626
f 1626/1626/1626 1639/1639/1639 1640/1640/1640
f 1626/1626/1626 1640/1640/1640 1627/1627/1627
f 1627/1627/1627 1640/1640/1640 1641/1641/1641
f 1627/1627/1627 1641/1641/1641 1628/1628/1628
f 1629/1629/1629 1642/1642/1642 1643/1643/1643
f 1629/1629/1629 1643/1643/1643 1630/1630/1630
f 1630/1630/1630 1643/1643/1643 1644/1644/1644
f 1630/1630/1630 1644/1644/1644 1631/1631/1631
f 1631/1631/1631 1644/1644/1644 1645/1645/1645
f 1631/1631/1631 1645/1645/1645 1632/1632/1632
f 1632/1632/1632 1645/1645/1645 1646/1646/1646
f 1632/1632/1632 1646/1646/1646 1633/1633/1633
f 1633/1633/1633 1646/1646/1646 1647/1647/1647
f 1633/1633/1633 1647/1647/1647 1634/1634/1634
f 1634/1634/1634 1647/1647/1647 1648/1648/1648
f 1634/1634/1634 1648/1648/1648 1635/1635/1635
f 1635/1635/1635 1648/1648/1648 1649/1649/1649
f 1635/1635/1635 1649/1649/1649 1636/1636/1636
f 1636/1636/1636 1649/1649/1649 1650/1650/1650
f 1636/1636/1636 1650/1650/1650 1637/1637/1637
f 1637/1637/1637 1650/1650/1650 1651/1651/1651
f 1637/1637/1637 1651/1651/1651 1638/1638/1638
f 1638/1638/1638 1651/1651/1651 1652/1652/1652
f 1638/1638/1638 1652/1652/1652 1639/1639/1639
f 1639/1639/1639 1652/1652/1652 1653/1653/1653
f 1639/1639/1639 1653/1653/1653 1640/1640/1640
f 1640/1640/1640 1653/1653/1653 1654/1654/1654
f 1640/1640/1640 1654/1654/1654 1641/1641/1641
f 1642/1642/1642 1655/1655/1655 1656/1656/1656
f 1642/1642/1642 1656/1656/1656 1643/1643/1643
f 1643/1643/1643 1656/1656/1656 1657/1657/1657
f 1643/1643/1643 1657/1657/1657 1644/1644/1644
f 1644/1644/1644 1657/1657/1657 1658/1658/1658
f 1644/1644/1644 1658/1658/1658 1645/1645/1645
f 1645/1645/1645 1658/1658/1658 1659/1659/1659
f 1645/1645/1645 1659/1659/1659 1646/1646/1646
f 1646/1646/1646 1659/1659/1659 1660/1660/1660
f 1646/1646/1646 1660/1660/1660 1647/1647/1647
f 1647/1647/1647 1660/1660/1660 1661/1661/1661
f 1647/1647/1647 1661/1661/1661 1648/1648/1648
f 1648/1648/1648 1661/1661/1661 1662/1662/1662
f 1648/1648/1648 1662/1662/1662 1649/1649/1649
f 1649/1649/1649 1662/1662/1662 1663/1663/1663
f 1649/1649/1649 1663/1663/1663 1650/1650/1650
f 1650/1650/1650 1663/1663/1663 1664/1664/1664
f 1650/1650/1650 1664/1664/1664 1651/1651/1651
f 1651/1651/1651 1664/1664/1664 1665/1665/1665
f 1651/1651/1651 1665/1665/1665 1652/1652/1652
f 1652/1652/1652 1665/1665/1665 1666/1666/1666
f 1652/1652/1652 1666/1666/1666 1653/1653/1653
f 1653/1653/1653 1666/1666/1666 1667/1667/1667
f 1653/1653/1653 1667/1667/1667 1654/1654/1654
f 1655/1655/1655 1668/1668/1668 1669/1669/1669
f 1655/1655/1655 1669/1669/1669 1656/1656/1656
f 1656/1656/1656 1669/1669/1669 1670/1670/1670
f 1656/1656/1656 1670/1670/1670 1657/1657/1657
f 1657/1657/1657 1670/1670/1670 1671/1671/1671
f 1657/1657/1657 1671/1671/1671 1658/1658/1658
f 1658/1658/1658 1671/1671/1671 1672/1672/1672
f 1658/1658/1658 1672/1672/1672 1659/1659/1659
f 1659/1659/1659 1672/1672/1672 1673/1673/1673
f 1659/1659/1659 1673/1673/1673 1660/1660/1660
f 1660/1660/1660 1673/1673/1673 1674/1674/1674
f 1660/1660/1660 1674/1674/1674 1661/1661/1661
f 1661/1661/1661 1674/1674/1674 1675/1675/1675
f 1661/1661/1661 1675/1675/1675 1662/1662/1662
f 1662/1662/1662 1675/1675/1675 1676/1676/1676
f 1662/1662/1662 1676/1676/1676 1663/1663/1663
f 1663/1663/1663 1676/1676/1676 1677/1677/1677
f 1663/1663/1663 1677/1677/1677 1664/1664/1664
f 1664/1664/1664 1677/1677/1677 1678/1678/1678
f 1664/1664/1664 1678/1678/1678 1665/1665/1665
f 1665/1665/1665 1678/1678/1678 1679/1679/1679
f 1665/1665/1665 1679/1679/1679 1666/1666/1666
f 1666/1666/1666 1679/1679/1679 1680/1680/1680
f 1666/1666/1666 1680/1680/1680 1667/1667/1667
f 1668/1668/1668 1681/1681/1681 1682/1682/1682
f 1668/1668/1668 1682/1682/1682 1669/1669/1669
f 1669/1669/1669 1682/1682/1682 1683/1683/1683
f 1669/1669/1669 1683/1683/1683 1670/1670/1670
f 1670/1670/1670 1683/1683/1683 1684/1684/1684
f 1670/1670/1670 1684/1684/1684 1671/1671/1671
f 1671/1671/1671 1684/1684/1684 1685/1685/1685
f 1671/1671/1671 1685/1685/1685 1672/1672/1672
f 1672/1672/1672 1685/1685/1685 1686/1686/1686
f 1672/1672/1672 1686/1686/1686 1673/1673/1673
f 1673/1673/1673 1686/1686/1686 1687/1687/1687
f 1673/1673/1673 1687/1687/1687 1674/1674/1674
f 1674/1674/1674 1687/1687/1687 1688/1688/1688
f 1674/1674/1674 1688/1688/1688 1675/1675/1675
f 1675/1675/1675 1688/1688/1688 1689/1689/1689
f 1675/1675/1675 1689/1689/1689 1676/1676/1676
f 1676/1676/1676 1689/1689/1689 1690/1690/1690
f 1676/1676/1676 1690/1690/1690 1677/1677/1677
f 1677/1677/1677 1690/1690/1690 1691/1691/1691
f 1677/1677/1677 1691/1691/1691 1678/1678/1678
f 1678/1678/1678 1691/1691/1691 1692/1692/1692
f 1678/1678/1678 1692/1692/1692 1679/1679/1679
f 1679/1679/1679 1692/1692/1692 1693/1693/1693
f 1679/1679/1679 1693/1693/1693 1680/1680/1680
